¿ª½±ÈÕÆÚ,ÆÚºÅ,ÖÐ½±ºÅÂë,ÏúÊÛ¶î(Ôª),ÖÐ½±×¢ÊýÒ»µÈ½±,ÖÐ½±×¢Êý¶þµÈ½±
2020/1/16,2020007,05  12  17  20  25  31  10,358035962,38  (½ò ¼½ ¼ª »¦..),269
2020/1/14,2020006,03  04  05  10  16  32  09,361697316,20  (Õã Ô¥ ÔÁ ¹ð..),363
2020/1/12,2020005,11  16  17  22  26  32  04,400642476,8  (¼½ Íî ¸Ó ¶õ..),224
2020/1/9,2020004,02  15  17  27  32  33  03,370826158,7  (½ú Õã Â³ ÔÁ..),189
2020/1/7,2020003,09  17  26  29  30  32  03,368960938,16  (ËÕ Õã ¶õ Ïæ..),134
2020/1/5,2020002,04  09  14  15  16  29  11,410784878,16  (¾© ½ò ¼½ ½ú..),194
2020/1/2,2020001,02  15  23  26  29  30  02,388311860,4  (Ô¥ ¶õ ´¨),113
2019/12/31,2019151,02  06  09  18  24  26  14,405999712,8  (ÁÉ ¼ª Ãö Ïæ..),121
2019/12/29,2019150,02  09  14  22  27  29  02,424037140,9  (Íî Â³ ÔÁ ÉîÛÚ..),158
2019/12/26,2019149,01  06  27  28  31  33  07,401837358,16  (¾© ËÕ Õã Ãö..),120
2019/12/24,2019148,09  10  13  20  26  27  08,412835082,42  (¼½ ½ú ¼ª ºÚ..),179
2019/12/22,2019147,01  09  12  14  23  27  12,428843148,10  (¼½ ÃÉ ÉîÛÚ ÉÂ..),120
2019/12/19,2019146,01  04  10  12  30  32  14,400822952,4  (¼½ Õã ÉÂ),82
2019/12/17,2019145,01  08  13  17  18  19  16,404721396,15  (¾© ÁÉ ºÚ »¦..),145
2019/12/15,2019144,02  12  15  19  27  30  03,448943976,13  (½ò ÁÉ ËÕ Õã..),276
2019/12/12,2019143,05  13  15  16  26  32  09,421054466,11  (ÃÉ »¦ ¸Ó Ô¥..),471
2019/12/10,2019142,08  14  24  27  29  33  09,429455474,14  (¼½ ËÕ Õã Ãö..),72
2019/12/8,2019141,10  13  14  15  17  33  14,466103236,2  (Â³),101
2019/12/1,2019138,02  06  12  30  31  32  11,455574142,15  (¾© ¼½ ½ú ÃÉ..),221
2019/11/28,2019137,07  10  13  19  23  31  06,414318454,27  (¾© ½ò ÃÉ ÁÉ..),230
2019/11/26,2019136,12  14  15  17  29  33  12,411048748,7  (Ãö Â³ Ïæ ÔÁ..),50
2019/11/24,2019135,03  06  10  11  27  33  03,448749008,4  (ËÕ Ãö Ô¥),145
2019/11/21,2019134,01  04  06  22  29  30  03,424644500,7  (½ò ÁÉ ºÚ Ãö..),99
2019/11/19,2019133,03  07  16  21  24  31  07,412973230,10  (ÁÉ »¦ ËÕ Â³..),163
2019/11/17,2019132,04  06  11  14  19  33  07,443878462,7  (¾© Õã ¸Ó ÔÁ..),141
2019/11/14,2019131,09  17  19  20  24  31  04,413548024,12  (Õã Ãö ¸Ó Ô¥..),195
2019/11/12,2019130,01  07  09  11  24  32  16,418172282,15  (¼½ ÃÉ ¸Ó Ô¥..),151
2019/11/10,2019129,03  04  07  09  15  26  07,442669038,20  (¾© ¼½ ÁÉ »¦..),360
2019/11/7,2019128,03  08  12  16  17  19  08,342336168,9  (¾© ÃÉ Ãö ¸Ó..),118
2019/11/5,2019127,02  06  07  12  17  24  10,338393664,15  (¼½ ËÕ ¸Ó Â³..),227
2019/11/3,2019126,02  14  17  29  32  33  16,369776508,8  (¼½ ºÚ »¦ Â³..),81
2019/10/31,2019125,02  11  12  26  27  29  03,342491160,8  (¼½ Õã ÔÁ ´¨),253
2019/10/29,2019124,04  09  30  31  32  33  01,337939626,14  (¾© ½ò ¼½ Ãö..),153
2019/10/27,2019123,02  06  08  17  28  30  06,360609038,19  (½ú Ãö ¸Ó Ô¥..),366
2019/10/24,2019122,04  10  15  19  21  23  02,334989390,4  (¼½ Õã Â³ ¶õ),117
2019/10/22,2019121,02  06  15  21  30  31  02,334748934,15  (¼½ Õã Íî Â³..),138
2019/10/15,2019118,12  14  15  25  28  31  04,329400746,6  (½ò ½ú ºÚ »¦..),142
2019/10/13,2019117,03  05  11  28  32  33  01,358734764,5  (¾© Ãö ÔÁ ´¨..),135
2019/10/10,2019116,01  08  09  13  16  33  01,336502106,7  (ÁÉ ËÕ Ô¥ ÉîÛÚ..),146
2019/10/8,2019115,04  10  11  14  15  29  05,354033692,8  (¾© ¼½ ÁÉ »¦..),137
2019/9/29,2019114,02  04  09  11  12  30  01,372847052,4  (ËÕ Ïæ µá),180
2019/9/26,2019113,01  05  19  21  25  33  15,339648916,5  (Õã Ô¥ ÔÁ ´¨),118
2019/9/24,2019112,03  12  14  17  23  27  01,335430712,6  (¼ª ËÕ Â³ ÔÁ..),173
2019/9/22,2019111,07  18  20  22  24  33  01,371095278,6  (¾© ÔÁ),82
2019/9/19,2019110,01  18  22  26  27  28  08,345297696,8  (¾© Õã Íî Â³..),89
2019/9/17,2019109,03  06  07  17  28  31  10,339057352,5  (ËÕ Ãö Ïæ ¹ð),218
2019/9/15,2019108,07  13  19  22  25  32  13,361553454,13  (¼½ ½ú ºÚ »¦..),110
2019/9/12,2019107,02  06  08  23  27  32  02,326852234,2  (ºÚ ¹ð),54
2019/9/10,2019106,02  14  22  27  30  33  14,330410652,3  (¾© Íî Â³),65
2019/9/8,2019105,02  13  15  17  26  33  01,365092568,6  (½ú ÁÉ),85
2019/9/5,2019104,01  05  16  17  18  24  10,336503558,7  (ÃÉ Õã Ãö Â³..),120
2019/9/3,2019103,04  12  14  21  27  29  12,334444954,2  (ºÚ µá),101
2019/9/1,2019102,03  08  12  16  20  32  12,365310214,18  (¼½ ËÕ ¸Ó Ïæ..),198
2019/8/29,2019101,01  04  09  21  31  33  05,336008906,4  (½ú ÁÉ ÔÁ),77
2019/8/22,2019098,03  11  12  14  17  26  09,334187522,4  (ÁÉ ºÚ Õã Ïæ),136
2019/8/20,2019097,03  05  18  24  25  31  09,328319954,5  (ÁÉ ÔÁ ÉÂ ÐÂ),98
2019/8/18,2019096,05  07  12  18  27  32  11,355103324,48  (¼½ ½ú ÁÉ ¸Ó..),310
2019/8/15,2019095,02  05  14  19  21  28  01,327102912,3  (ÁÉ ÔÁ),95
2019/8/13,2019094,05  10  12  18  19  27  06,318739184,8  (ËÕ Õã ¸Ó ÔÁ..),301
2019/8/11,2019093,05  07  08  09  20  22  02,343851622,27  (¾© ¼½ ÃÉ ÁÉ..),629
2019/8/8,2019092,09  17  27  28  32  33  08,325113036,6  (¾© ËÕ Õã Ïæ..),67
2019/8/6,2019091,07  10  21  24  29  32  11,321773688,2  (ÉîÛÚ Óå),94
2019/8/4,2019090,02  03  06  08  14  22  04,355808718,2  (ÁÉ ÔÁ),93
2019/8/1,2019089,02  04  14  16  20  22  11,321183320,7  (ÁÉ Íî ¶õ Ïæ..),104
2019/7/30,2019088,13  14  15  21  23  29  13,320442344,18  (ºÚ ËÕ Õã Â³..),77
2019/7/28,2019087,04  05  07  09  21  30  04,348495228,5  (»¦ Íî),99
2019/7/25,2019086,16  22  24  26  28  31  06,318423888,11  (½ò ËÕ Ãö ¸Ó..),120
2019/7/23,2019085,01  04  14  18  24  29  04,322387974,12  (¼½ ËÕ Â³ ¶õ..),61
2019/7/21,2019084,04  08  14  18  20  27  03,356282880,15  (ÃÉ Õã Íî Â³..),300
2019/7/18,2019083,06  15  17  26  28  31  03,329029762,10  (¼½ ËÕ Õã Íî..),118
2019/7/16,2019082,07  16  19  22  24  28  02,328221990,5  (¼½ ÁÉ Íî ÔÁ),91
2019/7/14,2019081,05  24  27  29  31  32  10,359862504,5  (ËÕ Â³ ÔÁ Óå),58
2019/7/7,2019078,01  17  27  29  31  33  12,358699764,14  (¾© ºÚ ËÕ Õã..),199
2019/7/4,2019077,09  11  13  18  21  22  15,331156004,1  (Õã),118
2019/7/2,2019076,12  15  19  20  29  32  14,327737064,4  (ÉîÛÚ ´¨),84
2019/6/30,2019075,05  08  20  22  31  33  03,356452390,2  (Ãö ÔÁ),69
2019/6/27,2019074,12  21  27  29  31  33  04,339313032,4  (¼½ »¦ Íî ÉÂ),51
2019/6/25,2019073,01  02  06  12  16  18  08,334373706,17  (¼½ ½ú ÃÉ ËÕ..),146
2019/6/23,2019072,02  09  13  15  22  30  15,366310328,10  (¼½ Õã ¸Ó Â³..),155
2019/6/20,2019071,01  08  19  24  29  30  04,338921834,22  (½ú »¦ Õã Ô¥..),371
2019/6/18,2019070,06  15  18  19  24  32  09,335727814,3  (Õã Óå ´¨),103
2019/6/16,2019069,06  11  16  19  21  25  01,370103190,8  (ÁÉ Õã Ãö ¸Ó..),226
2019/6/13,2019068,03  14  20  24  26  33  10,331635522,6  (½ú ºÚ ÔÁ ´¨..),64
2019/6/11,2019067,04  06  08  11  30  33  11,330381956,5  (¾© ÁÉ ËÕ Ïæ),110
2019/6/9,2019066,01  14  17  20  22  32  04,354505682,6  (ÃÉ Â³ Ô¥ ¹ð..),86
2019/6/6,2019065,06  09  11  15  20  26  10,327400036,10  (¾© ¼½ ÁÉ ËÕ..),317
2019/6/4,2019064,12  20  24  25  30  33  12,331639006,4  (»¦ Õã ¹ð ¹ó),92
2019/6/2,2019063,01  14  19  22  29  31  16,361222550,5  (ºÚ Ô¥ ¶õ Çí),91
2019/5/30,2019062,07  13  16  23  26  30  01,339468976,7  (»¦ ËÕ Õã ¶õ..),161
2019/5/28,2019061,03  17  19  24  27  31  12,335296666,6  (¾© Íî Óå ´¨..),80
2019/5/21,2019058,07  08  12  21  23  27  12,339299672,20  (¼½ ºÚ »¦ ËÕ..),127
2019/5/19,2019057,04  05  06  08  13  18  16,372560948,7  (ºÚ »¦ Ïæ ÉîÛÚ..),127
2019/5/16,2019056,13  14  17  19  21  29  01,351267630,1  (¸Ó),78
2019/5/14,2019055,01  06  11  15  19  31  10,350070872,2  (Ô¥ ÔÁ),61
2019/5/12,2019054,07  10  11  15  24  26  11,376075414,8  (¾© ¼ª Â³ ¶õ..),132
2019/5/9,2019053,04  16  22  25  29  31  08,345533966,12  (ÃÉ »¦ ËÕ ¶õ..),109
2019/5/7,2019052,03  06  09  13  16  19  16,342251970,153  (¾© ½ò ¼½ ½ú..),2295
2019/5/5,2019051,08  09  10  13  15  28  09,371316762,13  (½ú ÃÉ ¼ª ºÚ..),120
2019/5/2,2019050,04  06  10  11  21  23  02,311858860,13  (ÁÉ ¼ª »¦ Íî..),100
2019/4/30,2019049,03  10  13  22  23  28  15,333775314,9  (¾© ½ò ºÚ Õã..),205
2019/4/28,2019048,03  07  10  12  18  29  10,379210874,8  (¼½ ËÕ Ïæ ÔÁ),153
2019/4/25,2019047,03  11  18  25  30  33  14,349665886,1  (ÔÁ),388
2019/4/23,2019046,02  12  16  22  25  32  06,349236650,17  (½ò ºÚ »¦ Õã..),132
2019/4/21,2019045,01  06  17  19  27  31  14,380577960,7  (ÁÉ ËÕ ÔÁ ÉîÛÚ..),83
2019/4/18,2019044,06  14  16  17  23  29  07,350579948,12  (½ò Õã Íî Ïæ..),188
2019/4/16,2019043,01  06  12  13  24  32  13,345296562,2  (Â³ ¶õ),99
2019/4/14,2019042,15  17  19  22  25  26  04,376134240,4  (¼½ ½ú Ãö Â³),132
2019/4/11,2019041,02  09  13  23  24  26  16,347145834,2  (¸Ó Ô¥),103
2019/4/4,2019038,09  12  21  27  29  30  05,335328036,10  (»¦ Õã ¶õ Óå..),101
2019/4/2,2019037,01  07  12  14  18  25  10,344923376,12  (ËÕ Õã Â³ Ô¥..),213
2019/3/31,2019036,02  10  13  16  23  32  08,383547756,21  (½ò ¼½ ÁÉ ¼ª..),85
2019/3/28,2019035,01  05  07  09  10  20  16,354951028,11  (¾© ¼½ ºÚ »¦..),233
2019/3/26,2019034,09  11  15  22  24  26  03,354652922,10  (¾© ¼½ ÁÉ »¦..),103
2019/3/24,2019033,09  15  19  21  23  29  15,385168218,22  (½ú ËÕ Õã Ô¥..),224
2019/3/21,2019032,04  08  09  13  28  33  04,353034100,6  (»¦ ËÕ ÔÁ ¹ó..),228
2019/3/19,2019031,03  13  15  18  21  33  16,358344316,5  (ËÕ Óå),119
2019/3/17,2019030,04  05  07  10  12  22  16,392415448,17  (½ú ¼ª Õã Íî..),196
2019/3/14,2019029,08  11  17  23  32  33  10,358515950,6  (ÃÉ Õã Ãö Â³..),83
2019/3/12,2019028,04  19  22  26  29  30  11,356878622,11  (¼½ Ãö Â³ Ô¥..),165
2019/3/10,2019027,02  06  08  10  11  17  13,393236612,9  (Â³ Ïæ ÔÁ ¹ó),223
2019/3/7,2019026,03  13  15  19  20  27  14,349411720,10  (¾© ÃÉ Íî ¸Ó..),105
2019/3/5,2019025,15  16  21  27  30  33  04,345714892,5  (ÁÉ ºÚ Ïæ ¹ð),74
2019/3/3,2019024,01  08  23  25  28  29  10,384117562,8  (½ò »¦ Õã Ïæ..),99
2019/2/28,2019023,01  10  14  15  18  31  13,353488994,13  (ÃÉ ºÚ ËÕ Õã..),336
2019/2/26,2019022,03  07  11  21  30  33  07,338829860,19  (ËÕ Íî ¸Ó Â³..),169
2019/2/24,2019021,02  05  07  08  20  27  04,370839306,6  (½ò Ô¥ ¶õ ´¨..),214
2019/2/17,2019018,04  11  18  19  26  32  04,349743310,8  (ËÕ Õã Íî ÔÁ..),364
2019/2/14,2019017,04  05  24  28  30  33  09,312764888,3  (ÁÉ »¦ µá),50
2019/2/12,2019016,05  07  09  11  19  25  05,314659700,11  (¼½ ÃÉ Â³ Ô¥..),157
2019/2/3,2019015,11  15  16  20  24  31  04,386508326,13  (½ú ÁÉ ºÚ ËÕ..),181
2019/1/31,2019014,01  02  03  14  19  33  03,327526362,7  (ÁÉ ËÕ Ô¥ ÔÁ),168
2019/1/29,2019013,05  07  14  16  18  21  01,332648408,4  (ºÚ Õã Ô¥ ÉÂ),77
2019/1/27,2019012,07  10  21  23  31  33  14,370443836,2  (ºÚ),55
2019/1/24,2019011,10  13  19  21  24  30  07,340431350,4  (¼½ ÁÉ Ô¥),72
2019/1/22,2019010,02  04  05  08  11  30  02,336769874,15  (¾© ¼½ ½ú ºÚ..),178
2019/1/20,2019009,01  07  10  22  31  32  15,376873348,12  (ÁÉ Â³ Ïæ ÔÁ..),122
2019/1/17,2019008,02  06  09  13  28  32  12,342498692,4  (Â³ ÔÁ Óå ´¨),86
2019/1/15,2019007,06  10  14  15  19  23  15,340543166,9  (¼ª Õã Ô¥ ¶õ..),198
2019/1/13,2019006,01  05  10  19  26  28  12,375825296,32  (¾© ½ú ÁÉ ºÚ..),96
2019/1/10,2019005,21  22  26  28  31  32  07,343365078,11  (ËÕ Ãö ¸Ó Ô¥..),68
2019/1/8,2019004,08  12  16  19  26  32  03,338080388,8  (ÁÉ ËÕ Ô¥ ´¨..),222
2019/1/6,2019003,13  17  20  21  22  27  01,373728002,5  (»¦ Õã Â³ ÉÂ),129
2019/1/3,2019002,04  05  06  08  09  18  11,345144344,9  (¾© »¦ Ô¥ ÔÁ..),129
2019/1/1,2019001,06  10  13  15  32  33  15,341453440,14  (Õã Â³ ÉîÛÚ Óå..),147
2018/12/25,2018151,05  15  19  25  26  29  15,345353380,4  (ÁÉ Ãö ¸Ó Ô¥),203
2018/12/23,2018150,06  08  15  19  20  31  05,377320206,15  (¼½ ÃÉ »¦ ËÕ..),270
2018/12/20,2018149,01  07  08  10  12  24  01,353364860,12  (ÁÉ ºÚ ËÕ Õã..),212
2018/12/18,2018148,03  06  18  19  21  31  01,346743178,11  (Õã Íî Ô¥ ÔÁ..),210
2018/12/16,2018147,03  15  17  23  27  30  11,378419434,11  (ÁÉ »¦ ËÕ Ãö..),102
2018/12/13,2018146,02  10  11  17  18  29  16,345409226,13  (¾© ËÕ Õã Â³..),157
2018/12/11,2018145,03  09  13  22  23  25  06,349376292,21  (ÁÉ »¦ Õã Íî..),172
2018/12/9,2018144,08  13  17  18  20  27  13,387956028,1  (½ò),117
2018/12/6,2018143,04  06  15  28  32  33  14,373157016,16  (¼½ ÃÉ Õã Â³..),117
2018/12/4,2018142,05  08  10  11  27  28  11,390581690,16  (¼½ ºÚ »¦ Õã..),242
2018/12/2,2018141,11  14  16  18  24  33  04,416166816,2  (Íî Ïæ),115
2018/11/29,2018140,01  15  20  22  25  28  14,386006162,0,103
2018/11/27,2018139,11  18  20  23  31  32  15,380559364,10  (ÁÉ ËÕ Â³ ÔÁ..),82
2018/11/25,2018138,01  10  25  27  30  32  09,412013682,3  (Íî ÔÁ ÉÂ),67
2018/11/22,2018137,03  05  11  15  20  23  09,379485292,10  (ÃÉ ¼ª ËÕ Óå..),141
2018/11/20,2018136,10  12  15  25  26  27  14,377111910,6  (¼½ ÁÉ ¶õ ÔÁ..),149
2018/11/18,2018135,01  03  06  10  11  29  16,406719454,4  (¾© ½ú ÁÉ Ô¥),133
2018/11/15,2018134,03  16  18  31  32  33  12,377767366,11  (¾© ÁÉ ËÕ Íî..),297
2018/11/8,2018131,21  22  24  31  32  33  01,383809176,2  (¼½ Õã),125
2018/11/6,2018130,05  12  17  18  24  28  12,374274632,17  (¾© ½ú ºÚ »¦..),841
2018/11/4,2018129,02  04  06  16  18  19  16,418290398,7  (¾© ÁÉ Â³ Ô¥..),117
2018/11/1,2018128,06  07  08  19  22  23  02,388471822,11  (ÃÉ ÁÉ ËÕ Íî..),300
2018/10/30,2018127,02  05  06  07  11  15  12,383266268,13  (ÃÉ »¦ Õã Íî..),202
2018/10/28,2018126,01  06  08  09  14  22  05,415778246,8  (Íî Ïæ ¹ó µá..),138
2018/10/25,2018125,03  10  11  14  15  32  02,391293382,3  (¼½ ÃÉ ÁÉ),54
2018/10/23,2018124,09  13  14  19  22  25  02,378069006,4  (Â³ Ïæ ÔÁ Çà),127
2018/10/21,2018123,13  21  24  27  31  32  01,410429482,6  (Ô¥ ¶õ ÔÁ ¹ó..),115
2018/10/18,2018122,05  07  20  22  30  32  10,327644802,31  (¼½ ½ú ÁÉ ºÚ..),230
2018/10/16,2018121,06  08  14  19  23  25  11,321305376,11  (ÁÉ Õã ¸Ó ¶õ..),142
2018/10/14,2018120,03  04  18  26  27  33  01,357215818,5  (½ò ¼½ ÁÉ ¶õ),185
2018/10/11,2018119,03  13  14  16  25  27  12,328321394,10  (¼½ ½ú ºÚ Ïæ..),117
2018/10/9,2018118,08  12  21  22  27  31  09,322015414,7  (Õã ¶õ ÔÁ ÉîÛÚ..),140
2018/10/7,2018117,08  11  15  17  23  25  05,340052040,6  (¾© ËÕ Â³ ÔÁ..),189
2018/10/4,2018116,05  14  17  22  23  28  15,281786404,44  (ÃÉ ºÚ Õã Ïæ..),320
2018/10/2,2018115,01  13  19  24  26  29  11,273986534,1  (ÔÁ),52
2018/9/30,2018114,01  07  15  16  20  27  14,336072030,6  (½ò Õã Ãö ´¨..),203
2018/9/23,2018111,01  07  14  24  25  28  08,320180512,11  (¾© ÁÉ »¦ Õã..),143
2018/9/20,2018110,11  13  16  21  22  23  02,307066624,2  (¼ª Óå),66
2018/9/18,2018109,10  11  18  23  31  33  15,306989720,4  (ºÚ ËÕ Â³ ´¨),69
2018/9/16,2018108,05  13  18  21  26  30  02,322147946,22  (¾© ¼½ »¦ Õã..),179
2018/9/13,2018107,01  02  05  12  20  22  01,317508712,6  (ÁÉ Õã ¸Ó Â³..),139
2018/9/11,2018106,04  18  19  24  25  26  10,312096980,4  (¾© ÁÉ Â³),125
2018/9/9,2018105,04  05  13  18  19  25  01,343324268,17  (¾© »¦ ËÕ Íî..),150
2018/9/6,2018104,02  03  06  19  25  29  01,312637426,5  (¾© ÁÉ »¦ Â³..),158
2018/9/4,2018103,02  09  15  22  23  24  16,314574584,7  (¼ª Ãö ¸Ó Â³..),111
2018/9/2,2018102,02  06  11  19  21  28  05,340812198,4  (Õã Ãö Â³ ´¨),163
2018/8/30,2018101,01  03  14  26  29  33  09,308676480,5  (¼½ Õã ÔÁ),70
2018/8/28,2018100,02  11  14  15  29  33  02,309533260,3  (¼½ Â³ Ô¥),91
2018/8/26,2018099,03  07  08  14  25  32  06,339383254,12  (¼½ ½ú ºÚ Õã..),242
2018/8/23,2018098,06  10  11  20  29  32  13,314746902,9  (½ú ÁÉ ËÕ Íî..),125
2018/8/21,2018097,01  02  17  20  25  28  13,313501772,1  (ÔÁ),38
2018/8/19,2018096,01  05  09  20  28  32  12,338691852,23  (»¦ ËÕ Õã Ô¥..),150
2018/8/16,2018095,10  11  12  21  26  33  09,320539494,4  (ÁÉ Ãö ÔÁ),87
2018/8/14,2018094,04  07  16  20  24  30  05,314204036,0,148
2018/8/7,2018091,06  11  13  17  25  32  07,315853082,4  (¾© ËÕ Õã),81
2018/8/5,2018090,01  02  04  10  14  23  07,340370390,12  (¾© ÁÉ Íî Ãö..),85
2018/8/2,2018089,06  09  12  14  18  27  14,312432712,5  (½ú ËÕ Õã Óå..),172
2018/7/31,2018088,03  05  12  29  30  32  14,315199378,8  (½ú Õã ¶õ Ïæ..),69
2018/7/29,2018087,01  05  10  16  18  31  03,348603358,3  (Óå ¸Ê),74
2018/7/26,2018086,02  07  17  21  23  26  16,322631262,18  (ËÕ Õã Íî ¶õ..),109
2018/7/24,2018085,04  10  25  26  30  33  06,322576362,8  (½ò Õã ¹ð Óå..),88
2018/7/22,2018084,05  06  08  12  22  24  03,347865554,13  (¾© ÃÉ ºÚ »¦..),249
2018/7/19,2018083,04  09  18  21  32  33  03,323565026,11  (ËÕ ÔÁ µá),126
2018/7/17,2018082,06  12  14  20  22  24  09,319081284,8  (¼½ Õã Ô¥ ´¨),140
2018/7/15,2018081,01  02  12  16  20  26  03,349698540,5  (½ú ¼ª »¦ ÉÂ),154
2018/7/12,2018080,04  07  13  20  29  33  03,325310442,6  (¼½ Õã Ïæ ¹ð..),128
2018/7/10,2018079,14  15  17  22  24  29  13,327442428,2  (Õã Ãö),77
2018/7/8,2018078,03  10  14  17  18  30  12,358569878,6  (ÃÉ ¼ª ËÕ Õã..),204
2018/7/5,2018077,02  05  09  15  20  24  10,327832004,7  (¼½ ÁÉ Õã ¹ð..),109
2018/7/3,2018076,03  07  08  15  29  30  13,327873252,22  (¼½ ÁÉ ¼ª ºÚ..),363
2018/7/1,2018075,07  09  12  13  22  24  11,356378720,17  (»¦ ËÕ Â³ ÔÁ..),120
2018/6/28,2018074,09  11  14  20  27  30  09,327800026,9  (ÁÉ ºÚ ËÕ Õã..),120
2018/6/21,2018071,02  05  06  13  16  19  03,348880396,9  (ºÚ ËÕ Õã Íî..),110
2018/6/19,2018070,04  09  15  16  19  27  10,339461364,13  (ÃÉ »¦ Íî ¸Ó..),138
2018/6/17,2018069,06  13  17  19  23  31  12,355213336,5  (Õã ÔÁ ¹ð Óå),126
2018/6/14,2018068,08  10  17  20  27  30  01,332649368,3  (¾© Ïæ ÔÁ),225
2018/6/12,2018067,01  04  09  12  15  18  05,324647042,8  (¾© Íî Â³ Çí..),122
2018/6/10,2018066,09  16  17  19  22  26  10,357968382,10  (Õã ¸Ó ÔÁ ´¨),195
2018/6/7,2018065,01  04  06  14  28  33  01,329937636,6  (¾© ÃÉ Íî ÔÁ..),123
2018/6/5,2018064,02  05  10  11  17  21  05,329557586,12  (¾© ¼½ ÁÉ Õã..),149
2018/6/3,2018063,05  06  10  16  20  25  12,358387608,27  (¼½ ÁÉ »¦ Õã..),315
2018/5/31,2018062,02  18  19  24  25  33  11,326938646,6  (Â³ ¹ð Óå ´¨..),109
2018/5/29,2018061,09  10  11  12  18  23  07,332550974,15  (¼½ ½ú »¦ ËÕ..),213
2018/5/27,2018060,04  08  13  25  30  31  10,364451892,5  (ÁÉ ËÕ Ãö ¶õ..),111
2018/5/24,2018059,04  06  08  13  22  32  11,335528070,5  (½ú ËÕ ¹ó µá..),69
2018/5/22,2018058,07  12  13  16  26  31  07,328678478,11  (ÁÉ ÉîÛÚ ÉÂ),120
2018/5/20,2018057,05  15  17  19  20  30  13,360079018,9  (¼½ ¼ª Ãö Â³..),193
2018/5/17,2018056,01  03  06  20  21  26  01,332042280,7  (»¦ Â³ ÔÁ ´¨),187
2018/5/15,2018055,07  09  10  12  22  26  07,328077816,39  (¼½ ËÕ Õã Â³..),131
2018/5/13,2018054,04  06  18  22  25  33  16,364343470,4  (¼½ ËÕ ¶õ ÐÂ),86
2018/5/6,2018051,05  07  20  23  27  31  04,362286900,5  (ËÕ Â³ ÔÁ ¸Ê..),146
2018/5/3,2018050,01  02  04  10  18  19  07,332612986,7  (¼ª ºÚ Õã Óå..),146
2018/5/1,2018049,01  03  04  11  19  23  02,308606382,7  (Õã Â³),88
2018/4/29,2018048,01  12  20  25  30  31  02,347082070,4  (½ò Õã ¹ð ´¨),76
2018/4/26,2018047,06  07  12  16  22  25  07,340211348,9  (»¦ Õã Ãö ¸Ó..),102
2018/4/24,2018046,10  13  14  18  20  31  03,341414200,2  (ÁÉ Íî),100
2018/4/22,2018045,03  04  06  25  26  30  01,381384846,3  (Â³ ¹ð ¸Ê),82
2018/4/19,2018044,05  09  12  17  27  30  06,351490126,22  (¾© ½ò ÃÉ ºÚ..),643
2018/4/17,2018043,01  04  06  08  21  24  07,350595736,6  (¼½ ÃÉ Õã ¶õ..),93
2018/4/15,2018042,06  10  21  28  29  31  12,373384922,14  (ºÚ Â³ Ô¥ ¶õ..),163
2018/4/12,2018041,07  08  20  23  24  32  13,342614774,4  (¼½ ËÕ Õã ´¨),64
2018/4/10,2018040,01  03  08  13  18  23  16,341719534,11  (¼½ ½ú ÁÉ »¦..),283
2018/4/8,2018039,08  12  18  19  23  32  03,368394896,6  (¸Ó Â³ Ô¥ Ïæ..),168
2018/4/5,2018038,15  23  24  25  28  29  09,303245456,5  (ËÕ Õã ÉîÛÚ ¹ð..),75
2018/4/3,2018037,01  06  07  08  27  30  10,336334062,12  (¼½ ÁÉ ¼ª Â³..),137
2018/4/1,2018036,08  17  24  26  28  33  04,375931002,4  (ËÕ ÉîÛÚ ÉÂ),117
2018/3/29,2018035,07  10  11  17  23  28  15,350309396,6  (Õã Ïæ ÔÁ ÉîÛÚ..),289
2018/3/27,2018034,01  05  11  22  23  26  15,348544506,8  (ÁÉ ¼ª Íî Â³..),122
2018/3/20,2018031,02  16  18  19  27  30  14,345048756,3  (ÃÉ ËÕ Ãö),116
2018/3/18,2018030,13  14  20  21  25  33  07,388492136,1  (ËÕ),98
2018/3/15,2018029,01  02  09  14  22  25  05,349939456,5  (½ú ÁÉ Õã Ô¥),85
2018/3/13,2018028,03  08  11  14  18  23  16,352015830,7  (½ò ÃÉ »¦ Õã..),220
2018/3/11,2018027,02  07  09  14  18  28  05,386579026,6  (ËÕ Ãö Â³ ¶õ),144
2018/3/8,2018026,04  07  12  14  26  32  04,341958742,6  (ËÕ ¸Ó Â³ Ïæ..),75
2018/3/6,2018025,04  13  16  19  21  25  14,341614936,1  (¹ð),83
2018/3/4,2018024,11  19  22  26  31  32  02,373443496,9  (ºÚ ¸Ó Ô¥ Ïæ..),81
2018/3/1,2018023,12  15  16  21  26  29  16,339395846,3  (¾© ½ò ËÕ),159
2018/2/27,2018022,07  14  19  21  22  23  03,333617132,6  (ÁÉ ºÚ Â³ Ïæ..),111
2018/2/25,2018021,03  04  06  11  23  28  14,364661036,3  (ÁÉ ËÕ ÉÂ),216
2018/2/22,2018020,06  09  10  14  28  30  05,322991340,33  (¾© ¼½ ½ú Ãö..),212
2018/2/13,2018019,03  11  12  16  21  23  09,353382992,8  (¾© ¼½ ºÚ ËÕ..),80
2018/2/11,2018018,02  12  13  18  25  27  07,364855490,12  (ÁÉ ºÚ ËÕ Õã..),214
2018/2/8,2018017,03  06  11  26  30  32  12,341808336,5  (ÃÉ Õã Ãö ÔÁ..),68
2018/2/6,2018016,01  11  12  18  25  27  16,338462386,4  (¾© Â³),98
2018/2/4,2018015,11  15  20  21  26  33  15,372995620,6  (ÃÉ Õã Íî ¹ð..),172
2018/2/1,2018014,09  12  20  24  28  31  07,341965074,17  (ËÕ Â³ ¶õ ÔÁ..),103
2018/1/25,2018011,03  10  21  23  27  33  11,336871794,8  (½ú »¦ Íî Ô¥..),138
2018/1/23,2018010,01  08  17  20  21  22  03,351327690,6  (¾© ÁÉ ÔÁ Óå..),71
2018/1/21,2018009,05  10  17  23  26  32  07,384256808,17  (¾© ½ú ËÕ Ô¥..),221
2018/1/18,2018008,05  09  10  12  17  19  13,359785672,11  (¾© ÁÉ ¼ª ¶õ..),144
2018/1/16,2018007,13  14  20  25  27  31  12,354279554,8  (¼½ Õã Â³ ¶õ..),132
2018/1/14,2018006,02  07  08  09  17  29  11,387617618,11  (¾© ÁÉ ¼ª »¦..),172
2018/1/11,2018005,02  20  21  28  31  33  06,354961030,1  (¾©),68
2018/1/9,2018004,14  18  19  26  30  31  11,349304820,13  (¼ª Õã ¶õ ÔÁ..),55
2018/1/7,2018003,01  14  16  17  20  31  04,388121442,5  (¼½ ½ú Íî Â³..),167
2018/1/4,2018002,07  18  24  29  31  33  16,351610618,3  (¼½ ºÚ ´¨),94
2018/1/2,2018001,01  08  11  26  28  31  04,367348082,22  (ºÚ ËÕ Õã Ãö..),191
2017/12/31,2017154,05  09  13  15  18  26  05,414241024,11  (¼½ Õã Íî ¸Ó..),141
2017/12/28,2017153,07  11  12  13  18  19  16,372349292,4  (¾© ½ú Õã ¶õ),165
2017/12/26,2017152,06  10  23  25  26  29  05,367326916,8  (¼ª Õã Ãö Â³..),129
2017/12/24,2017151,02  05  07  09  11  27  16,410102286,6  (ÁÉ ËÕ Íî Ãö),171
2017/12/21,2017150,06  14  19  20  21  23  08,382821120,9  (Íî ¶õ ÔÁ ÉîÛÚ..),82
2017/12/19,2017149,05  08  15  20  27  30  13,389703152,67  (¼½ ÃÉ ÁÉ ¼ª..),1126
2017/12/17,2017148,04  07  11  14  29  32  12,419003890,18  (¾© ¼½ ÃÉ ÁÉ..),274
2017/12/10,2017145,02  06  12  17  25  28  12,434698744,31  (¼½ ½ú ÃÉ ÁÉ..),458
2017/12/7,2017144,03  14  16  20  31  32  09,394649686,8  (¾© ½ò Õã ¸Ó..),54
2017/12/5,2017143,04  06  09  14  20  29  14,383967718,13  (¼½ ÁÉ »¦ Â³..),164
2017/12/3,2017142,08  13  14  18  23  33  06,417715258,6  (½ú Ãö ¸Ó Ô¥..),149
2017/11/30,2017141,01  06  07  11  13  15  05,374075240,4  (ËÕ Â³ ÔÁ ÉÂ),78
2017/11/28,2017140,21  22  25  28  29  30  08,376479116,16  (¾© ÃÉ ËÕ Õã..),83
2017/11/26,2017139,02  14  20  24  28  32  16,409744564,6  (½ú Ô¥ ÔÁ ´¨..),92
2017/11/23,2017138,01  17  24  28  32  33  02,377937674,6  (ËÕ Õã ÔÁ Óå..),79
2017/11/21,2017137,05  10  20  23  26  31  03,376184186,7  (½ò ÃÉ Íî ¹ð..),146
2017/11/19,2017136,03  07  10  18  21  24  12,401556928,19  (¼½ ËÕ Õã Íî..),216
2017/11/16,2017135,01  06  07  14  18  26  16,378825098,8  (½ú Â³ ÔÁ ¹ð..),147
2017/11/14,2017134,04  05  11  14  28  32  04,365781644,13  (¾© ½ú ÃÉ ¼ª..),99
2017/11/12,2017133,06  15  17  18  23  30  11,400247724,7  (¼½ ÁÉ »¦ ¶õ..),223
2017/11/9,2017132,02  03  05  09  13  28  11,377852842,6  (¾© Õã ÔÁ ¹ð..),139
2017/11/7,2017131,01  07  10  11  26  27  11,367788616,25  (¼½ ÁÉ ¼ª »¦..),131
2017/11/5,2017130,05  13  14  23  25  31  02,401382016,5  (Õã Íî ´¨),211
2017/11/2,2017129,05  06  09  14  21  33  02,334351058,3  (½ú ÁÉ ¹ð),116
2017/10/31,2017128,02  06  13  22  29  31  08,323872230,13  (½ò ÁÉ Â³ ¶õ..),111
2017/10/24,2017125,01  14  23  25  29  30  03,324821104,6  (»¦ Íî Â³ ÔÁ..),133
2017/10/22,2017124,02  06  11  26  28  29  03,352610564,8  (¼½ »¦ Íî Ãö..),126
2017/10/19,2017123,04  05  06  11  21  31  10,327467830,16  (½ú ÃÉ »¦ ËÕ..),237
2017/10/17,2017122,11  20  21  22  24  27  15,323216212,4  (ËÕ Ô¥),52
2017/10/15,2017121,11  18  19  22  24  32  07,344520506,5  (Õã Ãö ¶õ µá),136
2017/10/12,2017120,08  10  15  19  23  28  16,319254526,5  (¼½ ÁÉ Íî ´¨..),192
2017/10/10,2017119,09  16  21  25  26  31  14,311293858,11  (¼½ ËÕ Õã Íî..),127
2017/10/8,2017118,08  09  15  22  30  33  16,339910326,12  (Õã Ãö Ô¥ Ïæ..),123
2017/10/5,2017117,01  02  08  11  14  21  09,277103412,3  (Â³ ÔÁ ÉÂ),53
2017/10/3,2017116,02  14  20  22  30  32  02,270066216,9  (ÁÉ ËÕ Ô¥ ¶õ..),85
2017/10/1,2017115,04  10  11  25  30  31  01,322048056,6  (ÔÁ ¹ð µá),128
2017/9/28,2017114,06  12  13  15  18  26  13,321554260,4  (»¦ Â³ ¶õ ÉîÛÚ),89
2017/9/26,2017113,04  06  16  27  29  33  05,316223542,4  (¼½ ÁÉ Â³),75
2017/9/24,2017112,03  10  14  16  22  23  11,346255520,2  (ÔÁ ÉÂ),76
2017/9/21,2017111,05  10  17  19  29  32  12,317976914,16  (ºÚ ËÕ Õã Ãö..),99
2017/9/19,2017110,01  03  12  15  19  23  14,316936062,3  (¼½ Íî ¶õ),68
2017/9/17,2017109,08  14  16  18  21  23  16,349302018,4  (ºÚ ¹ó µá),96
2017/9/14,2017108,07  12  14  15  17  20  01,320774192,6  (½ú ÃÉ ¸Ó Â³..),113
2017/9/7,2017105,03  06  07  12  25  26  07,314223620,29  (¼½ ½ú ÁÉ »¦..),254
2017/9/5,2017104,01  14  15  20  23  30  14,310263038,2  (ºÚ ¹ó),93
2017/9/3,2017103,01  21  23  25  31  33  01,347478996,9  (½ú Â³ Ïæ ÔÁ..),64
2017/8/31,2017102,04  08  10  14  18  20  11,315963272,14  (¾© ¼½ ÃÉ ÁÉ..),150
2017/8/29,2017101,01  04  11  28  31  32  16,313219868,2  (ÔÁ ¸Ê),51
2017/8/27,2017100,04  07  08  18  23  24  02,343590604,16  (¾© ËÕ Õã Ïæ..),117
2017/8/24,2017099,02  05  06  16  28  29  04,310565530,27  (½ò ¼½ ÃÉ »¦..),142
2017/8/22,2017098,04  19  22  27  30  33  01,314009676,14  (ÁÉ »¦ ËÕ Õã..),93
2017/8/20,2017097,05  10  18  19  30  31  03,348913966,10  (¼½ »¦ Õã ¸Ó..),183
2017/8/17,2017096,02  06  11  12  19  29  06,322973284,14  (¼½ ½ú ¼ª ºÚ..),165
2017/8/15,2017095,09  10  12  19  22  29  16,317203922,14  (¼ª ËÕ Õã ¹ó..),332
2017/8/13,2017094,08  11  13  19  28  31  06,341689810,9  (¼ª Íî Ô¥ Ïæ..),128
2017/8/10,2017093,07  08  09  15  22  27  12,308248758,39  (ËÕ Õã Íî Â³..),238
2017/8/8,2017092,10  18  19  29  32  33  09,308876342,4  (Õã Ô¥),131
2017/8/6,2017091,05  07  10  23  28  29  03,337138076,4  (Â³ µá ÐÂ),141
2017/8/3,2017090,01  07  10  16  22  33  09,312174318,4  (½ò Â³ µá),84
2017/8/1,2017089,11  12  13  16  23  25  12,314842050,2  (ÁÉ Ô¥),69
2017/7/30,2017088,07  09  18  22  23  29  06,346380162,10  (ºÚ »¦ ËÕ Íî..),406
2017/7/23,2017085,01  05  06  16  25  30  09,340676888,7  (Õã Íî ¸Ó ÔÁ..),148
2017/7/20,2017084,01  05  11  20  22  24  02,314750766,9  (ÃÉ ÁÉ Íî Â³..),98
2017/7/18,2017083,03  08  14  20  24  26  12,305712986,13  (¼½ ËÕ ¸Ó ¶õ..),161
2017/7/16,2017082,14  18  21  25  28  29  10,340327376,9  (½ú ÁÉ Ïæ ¹ð..),120
2017/7/13,2017081,03  05  14  25  26  30  05,311169340,4  (Ô¥ Äþ),134
2017/7/11,2017080,01  12  16  20  22  24  08,309113400,10  (ÃÉ ÁÉ Õã Íî..),103
2017/7/9,2017079,03  07  14  23  25  27  08,338568770,5  (ºÚ Õã Ãö Â³..),107
2017/7/6,2017078,05  07  18  19  22  24  16,308678006,7  (»¦ Õã Â³ ÔÁ..),160
2017/7/4,2017077,01  02  04  15  17  22  14,310153396,4  (ÃÉ Ô¥ ¶õ ¹ó),93
2017/7/2,2017076,01  04  08  09  14  15  13,346391726,7  (½ú ÁÉ Íî ÔÁ..),115
2017/6/29,2017075,01  03  06  19  21  29  07,320592160,7  (¼½ »¦ Õã Â³..),90
2017/6/27,2017074,02  06  16  23  30  31  02,312167868,16  (¾© ÁÉ »¦ ËÕ..),548
2017/6/25,2017073,03  06  16  23  26  30  14,347269730,9  (»¦ Íî Ô¥ ÉîÛÚ..),173
2017/6/22,2017072,06  11  14  23  26  30  02,321195342,11  (¾© ÁÉ Õã Ãö..),94
2017/6/20,2017071,02  03  06  14  31  32  03,322489468,4  (½ò Íî ÔÁ),51
2017/6/18,2017070,01  06  14  22  25  26  12,357559628,4  (ºÚ »¦ Õã ¹ð),92
2017/6/15,2017069,02  11  12  23  29  31  05,326172358,3  (ËÕ ¸Ó ´¨),98
2017/6/13,2017068,02  06  10  22  30  31  15,320912348,7  (¼½ ËÕ Õã ¶õ),102
2017/6/6,2017065,02  05  08  10  12  21  07,320800086,14  (½ò ÁÉ ºÚ ËÕ..),181
2017/6/4,2017064,02  10  16  22  24  28  15,351655222,5  (¼½ ÔÁ Óå ´¨),158
2017/6/1,2017063,12  16  20  22  25  31  04,307572084,4  (¼½ ¹ð ´¨),246
2017/5/30,2017062,01  07  22  24  26  31  10,292747704,2  (ÁÉ ¸Ó),50
2017/5/28,2017061,06  07  12  20  26  27  11,327891234,22  (¾© ÁÉ ¼ª ËÕ..),236
2017/5/25,2017060,05  10  13  24  26  31  04,320553910,4  (¾© Õã Ïæ µá),113
2017/5/23,2017059,04  08  09  15  19  25  09,306145516,26  (¾© ¼½ ÁÉ ºÚ..),222
2017/5/21,2017058,01  09  13  22  28  32  11,338794650,8  (½ú Õã Íî ¶õ..),111
2017/5/18,2017057,18  20  22  23  30  31  16,314697362,9  (¼½ »¦ Íî ÔÁ),71
2017/5/16,2017056,13  14  18  19  21  28  06,317424132,8  (½ú Ãö ¶õ ¹ð..),184
2017/5/14,2017055,07  12  13  20  24  31  05,342200872,20  (¾© ½ò ¼½ ÁÉ..),109
2017/5/11,2017054,02  03  09  23  28  33  08,315730948,2  (Õã ÔÁ),73
2017/5/9,2017053,04  09  11  15  29  31  06,316559816,6  (Ãö ¸Ó Ïæ ÔÁ..),77
2017/5/7,2017052,07  08  18  24  29  31  07,346847224,5  (Íî Ãö Ô¥ ÉÂ),182
2017/5/4,2017051,02  05  09  15  24  25  11,315667040,10  (¼½ ½ú ÃÉ ËÕ..),194
2017/5/2,2017050,10  12  20  24  27  29  07,308163776,5  (ËÕ Õã Íî ´¨),64
2017/4/30,2017049,01  08  14  15  20  29  10,326777700,7  (¶õ ¹ð Óå ¸Ê),113
2017/4/27,2017048,05  08  09  14  15  19  07,317465116,11  (¼ª ËÕ Õã Ô¥..),107
2017/4/20,2017045,05  07  16  20  21  25  05,320562564,4  (ÁÉ ´¨ ¹ó),99
2017/4/18,2017044,08  16  19  21  31  32  06,318935018,15  (ËÕ Ãö Â³ ÉîÛÚ..),81
2017/4/16,2017043,08  13  16  23  27  31  08,348879160,4  (ËÕ Õã ¹ð),170
2017/4/13,2017042,01  02  04  07  10  23  04,326995938,8  (¼½ ÁÉ Õã ÉîÛÚ..),69
2017/4/11,2017041,04  10  13  15  22  27  04,322450520,21  (ÃÉ Õã Â³ Ïæ..),114
2017/4/9,2017040,15  19  23  28  29  33  04,359413424,13  (¼½ »¦ Õã Ô¥..),82
2017/4/6,2017039,02  04  12  14  17  24  15,330405710,1  (ËÕ),109
2017/4/4,2017038,01  04  08  13  24  27  05,310673636,5  (ÁÉ »¦ Ô¥),191
2017/4/2,2017037,11  15  20  22  25  30  05,346434206,7  (ºÚ »¦ ËÕ Ô¥..),102
2017/3/30,2017036,01  02  05  10  24  27  15,340257990,4  (»¦ Õã ÔÁ ¸Ê),134
2017/3/28,2017035,01  06  14  24  28  32  12,342022594,16  (¾© ¼½ ½ú ºÚ..),164
2017/3/26,2017034,04  07  08  19  32  33  13,373962682,8  (¼½ ËÕ ¸Ó ¶õ..),146
2017/3/23,2017033,05  07  15  20  23  30  15,346477046,12  (¼½ ºÚ ËÕ Ãö..),205
2017/3/21,2017032,05  08  15  24  27  31  11,346410188,63  (¾© ½ò ¼½ ÃÉ..),284
2017/3/19,2017031,06  10  16  26  27  29  03,377406752,30  (¾© ¼½ ÁÉ ºÚ..),344
2017/3/16,2017030,01  07  09  20  23  30  02,350487064,5  (ËÕ ÉÂ ÐÂ),81
2017/3/14,2017029,02  15  21  23  25  30  10,343011048,4  (ºÚ »¦ Õã Â³),53
2017/3/12,2017028,07  08  12  13  22  30  09,377657484,9  (½ò »¦ ËÕ ¸Ó..),152
2017/3/5,2017025,02  15  16  17  22  32  07,372684176,11  (¼½ ÁÉ ËÕ Õã..),176
2017/3/2,2017024,09  21  25  26  29  31  13,342020216,6  (Â³ ÔÁ ÉîÛÚ ´¨..),120
2017/2/28,2017023,01  03  04  11  18  22  14,337872226,3  (ÁÉ ¶õ ´¨),108
2017/2/26,2017022,02  06  15  16  18  32  15,370988738,4  (Õã Ô¥ Ïæ µá),63
2017/2/23,2017021,02  05  10  22  32  33  09,329896520,16  (¼½ ¼ª ËÕ Ãö..),115
2017/2/21,2017020,04  08  10  12  31  33  10,321450250,4  (»¦ ¸Ó ÔÁ),87
2017/2/19,2017019,04  06  08  12  23  25  08,362828374,4  (¾© Õã ÔÁ µá),111
2017/2/16,2017018,01  02  03  17  25  31  09,332385048,5  (Ô¥ Óå ´¨),91
2017/2/14,2017017,03  07  08  10  22  23  12,329086094,5  (¼½ ºÚ ÔÁ ¹ð..),120
2017/2/12,2017016,05  08  16  22  27  29  02,349767606,12  (ÃÉ »¦ ËÕ Íî..),222
2017/2/9,2017015,01  08  09  14  17  32  01,314977594,4  (¶õ ´¨ ¸Ê),101
2017/2/7,2017014,06  08  18  20  23  31  13,307538720,5  (¸Ó Ô¥ Óå µá),144
2017/2/5,2017013,08  11  28  29  31  33  06,377878424,10  (¼ª Õã Íî Â³..),99
2017/1/26,2017012,10  11  14  15  16  24  07,329120186,9  (¼½ ÁÉ Óå ÉÂ),80
2017/1/24,2017011,10  11  12  23  26  29  16,318019266,11  (¼½ ½ú Â³ Ïæ..),229
2017/1/22,2017010,05  08  19  25  28  30  07,350388682,30  (¾© ½ò ÁÉ ºÚ..),231
2017/1/19,2017009,02  06  08  09  15  29  14,318286702,9  (¼½ ÁÉ »¦ Ô¥..),145
2017/1/17,2017008,07  13  15  27  28  29  13,318368112,10  (ÃÉ ºÚ »¦ ËÕ..),165
2017/1/10,2017005,06  11  12  22  23  30  05,328457210,14  (¾© ¼½ Õã Ãö..),204
2017/1/8,2017004,05  13  17  26  27  30  07,361243290,18  (¾© ÁÉ »¦ ËÕ..),294
2017/1/5,2017003,01  04  08  15  27  32  16,328263696,3  (½ú Â³ Óå),80
2017/1/3,2017002,15  19  23  24  25  32  03,333473696,4  (ËÕ Õã ÔÁ µá),67
2017/1/1,2017001,09  11  14  20  25  26  15,376155592,9  (½ò ¼ª ËÕ Ãö..),184
2016/12/29,2016153,07  09  16  24  25  29  06,342438226,5  (ºÚ ËÕ Óå ¸Ê),247
2016/12/27,2016152,02  08  09  16  20  22  07,338973816,17  (ÃÉ ÁÉ Õã Â³..),247
2016/12/25,2016151,06  11  16  20  22  33  07,375311070,11  (¼½ ¼ª ËÕ Ãö..),130
2016/12/22,2016150,02  04  05  09  13  21  05,350741078,22  (¾© ÁÉ ËÕ Ô¥..),140
2016/12/20,2016149,03  20  23  26  32  33  07,342258704,5  (ËÕ ¶õ ÔÁ ´¨),77
2016/12/18,2016148,01  02  11  20  26  30  14,381634232,10  (»¦ ËÕ Ïæ ÔÁ..),158
2016/12/15,2016147,04  14  18  28  31  32  12,341474648,5  (¼½ »¦ ËÕ ÔÁ..),113
2016/12/13,2016146,03  07  15  16  17  23  10,344859752,8  (ÃÉ ºÚ ËÕ Ô¥..),133
2016/12/11,2016145,01  03  07  12  19  20  06,398955964,8  (¾© Õã Â³ ÔÁ),157
2016/12/8,2016144,04  10  12  27  32  33  05,372346108,14  (½ò ¼½ ÃÉ Íî..),86
2016/12/6,2016143,06  09  23  24  25  33  13,378923738,5  (ºÚ »¦ Õã ÉîÛÚ..),143
2016/12/4,2016142,01  10  17  21  23  30  12,407120242,11  (ºÚ Õã Ãö ÔÁ..),85
2016/12/1,2016141,04  13  15  17  21  24  15,371798444,7  (ËÕ Íî Ô¥ ÔÁ..),106
2016/11/24,2016138,07  16  20  24  25  30  07,350229764,12  (¾© ÁÉ Ãö Ïæ..),160
2016/11/22,2016137,01  06  09  10  15  32  14,339962622,4  (Ãö ÔÁ Óå Äþ),90
2016/11/20,2016136,02  07  10  20  27  29  03,396457052,8  (¾© ÁÉ »¦ ¶õ..),117
2016/11/17,2016135,02  08  10  18  20  33  12,353219786,24  (¾© ¼½ ËÕ Õã..),172
2016/11/15,2016134,11  12  13  14  18  33  13,356409344,8  (¼ª »¦ Õã ÔÁ..),107
2016/11/13,2016133,15  16  21  22  27  33  15,397601552,26  (¼½ ËÕ Â³ Ô¥..),242
2016/11/10,2016132,05  08  13  19  27  28  07,349399364,37  (½ò ¼½ ÁÉ ºÚ..),358
2016/11/8,2016131,04  10  18  19  25  27  02,341425796,4  (¼½ ËÕ Íî ÐÂ),112
2016/11/6,2016130,03  17  21  23  27  28  01,389013348,8  (¾© ËÕ Õã Ãö..),88
2016/11/3,2016129,05  06  08  21  31  33  14,356293078,2  (¶õ ÔÁ),107
2016/11/1,2016128,04  09  11  17  26  27  13,346505806,17  (¼½ ºÚ ËÕ Õã..),216
2016/10/30,2016127,07  12  17  26  29  31  16,377635784,3  (¼½ Â³ Çí),127
2016/10/27,2016126,02  06  12  17  18  19  10,347402822,4  (Õã Â³ Ô¥ Äþ),182
2016/10/25,2016125,01  06  08  20  27  30  03,346147358,10  (ÁÉ Õã ¸Ó Ô¥..),94
2016/10/23,2016124,09  15  21  24  27  32  10,370331346,5  (Â³ ¶õ µá ²Ø..),120
2016/10/20,2016123,07  09  12  14  20  27  16,305299416,3  (»¦ ¹ð Óå),191
2016/10/18,2016122,15  22  23  24  28  29  08,305059324,6  (Õã Íî Ïæ ÔÁ..),96
2016/10/16,2016121,02  03  10  23  25  28  09,340006950,5  (¼ª ËÕ Â³ Ïæ..),106
2016/10/9,2016118,09  14  22  23  31  33  14,338792784,4  (ºÚ »¦ Õã Íî),97
2016/10/6,2016117,03  10  14  17  28  33  02,281128494,12  (¾© ÃÉ »¦ Íî..),167
2016/10/4,2016116,07  18  20  23  27  31  13,268669114,6  (ËÕ ¶õ Óå ¸Ê),52
2016/10/2,2016115,06  08  20  22  26  27  09,307770194,13  (ÁÉ ¼ª ËÕ Õã..),62
2016/9/29,2016114,05  16  20  22  27  29  09,300350554,21  (¾© ÁÉ »¦ ËÕ..),103
2016/9/27,2016113,01  11  16  17  20  26  14,301675518,6  (¾© ÁÉ Â³ ¶õ..),95
2016/9/25,2016112,06  12  14  15  18  25  12,339124224,8  (ÁÉ ¼ª ºÚ ËÕ..),105
2016/9/22,2016111,02  04  07  14  15  32  04,310894592,3  (ºÚ ¹ð ¹ó),68
2016/9/20,2016110,05  07  28  31  32  33  08,306664040,5  (»¦ Õã Â³ Ïæ..),55
2016/9/18,2016109,09  11  15  16  27  33  05,339043452,8  (»¦ Ãö Â³ ¶õ..),93
2016/9/15,2016108,02  03  07  08  19  26  16,278530656,6  (ÁÉ »¦ Õã Íî..),174
2016/9/13,2016107,06  11  18  26  27  32  01,295842288,13  (¼ª »¦ ËÕ Íî..),230
2016/9/11,2016106,04  05  13  22  25  30  04,329967722,6  (¾© ËÕ Õã Ïæ..),119
2016/9/8,2016105,08  10  19  27  28  31  16,304435234,13  (¾© ÁÉ Õã ¶õ..),153
2016/9/6,2016104,05  09  11  18  30  31  04,304391928,2  (Íî Ãö),72
2016/9/4,2016103,01  05  13  19  24  27  11,334526552,13  (»¦ Ãö Ô¥ ¶õ..),116
2016/9/1,2016102,05  08  10  14  17  30  13,304528374,7  (ÃÉ ¸Ó ¶õ Ïæ..),339
2016/8/30,2016101,01  03  19  24  32  33  01,303829992,3  (»¦ Çí µá),45
2016/8/23,2016098,02  08  25  29  31  32  06,296350008,3  (Ïæ Çí),63
2016/8/21,2016097,06  13  25  26  28  31  01,327274678,9  (½ú ¸Ó Â³ ¶õ..),101
2016/8/18,2016096,06  13  14  21  22  24  16,296887214,5  (ºÚ Ãö ÉîÛÚ ÉÂ),110
2016/8/16,2016095,01  05  09  12  18  32  12,297413702,7  (Õã Ãö ÔÁ ÉîÛÚ..),73
2016/8/14,2016094,06  07  10  12  18  31  10,324311584,4  (Íî ÔÁ ÉîÛÚ ÉÂ),83
2016/8/11,2016093,06  09  15  17  25  27  09,298416216,18  (¾© ½ò ½ú »¦..),131
2016/8/9,2016092,02  13  15  23  24  29  06,299992386,19  (¾© ÃÉ ÁÉ »¦..),97
2016/8/7,2016091,04  08  14  22  23  28  07,329710234,17  (¾© ¼½ ½ú »¦..),226
2016/8/4,2016090,02  13  17  20  21  26  07,294008068,23  (ÁÉ ËÕ Õã Íî..),164
2016/8/2,2016089,01  03  14  30  31  32  08,288232376,10  (¼½ ÁÉ Õã ÔÁ..),48
2016/7/31,2016088,03  14  16  18  25  33  15,320354148,5  (ÁÉ ËÕ Ô¥ ÉÂ),79
2016/7/28,2016087,02  03  10  11  14  21  12,288396896,3  (¼½ Â³ Çí),84
2016/7/26,2016086,09  10  11  12  15  32  05,286788850,6  (ÁÉ µá),62
2016/7/24,2016085,01  12  19  20  21  25  16,319888112,7  (Ãö Â³ ¶õ),245
2016/7/21,2016084,02  04  12  18  24  26  05,288778286,5  (Â³ Ô¥ Ïæ ¹ó..),101
2016/7/19,2016083,09  16  17  24  30  31  04,291921542,7  (¾© ¼½ ºÚ ËÕ..),99
2016/7/17,2016082,06  12  14  15  17  20  09,323658370,10  (¼ª ËÕ ÔÁ ¹ð..),89
2016/7/14,2016081,02  06  15  25  30  32  07,288505018,3  (¾© ÁÉ ÐÂ),73
2016/7/7,2016078,02  04  08  23  26  29  02,296681554,6  (ºÚ Íî Ãö Óå..),65
2016/7/5,2016077,01  09  17  19  20  29  10,294629008,3  (»¦ Çí ¸Ê),93
2016/7/3,2016076,07  08  13  22  30  32  01,331977974,6  (½ò ÁÉ Ãö Ô¥..),112
2016/6/30,2016075,01  03  06  16  29  32  07,295574016,0,65
2016/6/28,2016074,06  10  11  12  20  25  12,297584738,62  (¾© ½ú ÁÉ ËÕ..),154
2016/6/26,2016073,09  11  12  15  16  20  13,327032018,5  (Íî Ïæ ÔÁ µá),80
2016/6/23,2016072,05  16  19  22  24  25  02,290670126,2  (ÁÉ Íî),79
2016/6/21,2016071,19  21  26  28  29  32  01,293734448,4  (ËÕ Õã Ãö Ô¥),83
2016/6/19,2016070,03  06  11  18  23  29  01,326894102,7  (ºÚ Ïæ ÔÁ ¹ð..),264
2016/6/16,2016069,08  10  11  20  21  27  11,300232584,6  (¾© ËÕ Õã Ãö..),168
2016/6/14,2016068,08  19  23  28  31  32  01,295768168,2  (Íî Ïæ),58
2016/6/12,2016067,09  13  18  20  27  31  04,327487486,5  (ÔÁ Çí ´¨),117
2016/6/9,2016066,03  07  13  18  19  20  05,275334312,10  (¾© »¦ Â³ ÔÁ..),207
2016/6/7,2016065,13  16  22  25  26  27  14,298326848,2  (Â³ ¶õ),87
2016/6/5,2016064,03  12  14  17  19  26  03,332534594,11  (¾© ¾© ¼ª ¼ª..),116
2016/6/2,2016063,16  17  18  23  28  32  07,304409952,0,83
2016/5/31,2016062,12  13  15  18  19  21  09,305198008,2  (ËÕ ´¨),116
2016/5/29,2016061,05  06  08  18  20  32  08,340147518,21  (¾© ÃÉ ËÕ Õã..),127
2016/5/22,2016058,03  05  18  20  24  32  11,357296334,2  (»¦ ÔÁ),130
2016/5/19,2016057,07  12  19  22  23  26  11,325499780,11  (»¦ ËÕ Íî Â³..),256
2016/5/17,2016056,03  04  08  11  16  18  14,326490562,6  (¾© ¼½ Ãö ÔÁ..),180
2016/5/15,2016055,05  06  10  16  22  26  11,350383284,11  (»¦ ¸Ó Ïæ ¹ð..),232
2016/5/12,2016054,06  11  16  19  28  32  04,324349586,8  (Õã Â³ Ïæ Çí..),204
2016/5/10,2016053,02  08  10  12  29  31  01,320149454,5  (ºÚ ËÕ ¸Ó ¹ó..),165
2016/5/8,2016052,01  06  13  19  24  28  16,353216208,12  (½ú Íî Ô¥ Óå..),218
2016/5/5,2016051,01  02  04  09  15  33  12,324257380,2  (¼½ ËÕ),58
2016/5/3,2016050,09  12  24  28  29  30  02,308889140,4  (»¦ Õã Íî Ô¥),116
2016/5/1,2016049,06  08  13  14  22  27  10,330279014,15  (½ò ¼ª ¸Ó Ïæ..),172
2016/4/28,2016048,03  08  13  14  15  30  04,329538828,6  (½ú Íî Ãö ¶õ..),115
2016/4/26,2016047,02  05  08  15  17  22  16,324937604,5  (Â³ ÉîÛÚ ¹ó µá..),172
2016/4/24,2016046,07  20  25  26  27  30  14,364459490,0,90
2016/4/21,2016045,04  09  12  17  30  32  03,336323174,1  (Ô¥),86
2016/4/19,2016044,01  03  10  12  18  30  01,335979238,6  (¼½ »¦ ¶õ ÔÁ..),147
2016/4/17,2016043,05  14  20  26  30  33  12,364494720,6  (Õã ¸Ó Ïæ ÔÁ..),88
2016/4/14,2016042,07  14  17  23  26  31  09,334864386,11  (ÁÉ ºÚ ËÕ Íî..),129
2016/4/12,2016041,12  17  18  21  22  24  04,330501352,3  (¾© Óå µá),98
2016/4/5,2016038,03  12  13  22  28  29  03,325081790,4  (¾© ËÕ Ïæ ÐÂ),182
2016/4/3,2016037,06  15  26  31  32  33  16,350165940,3  (»¦ Ïæ ÐÂ),97
2016/3/31,2016036,03  04  07  09  20  22  03,348368584,2  (¾© Ïæ),116
2016/3/29,2016035,04  13  19  20  26  29  11,343407218,11  (¼½ ½ú ÁÉ Õã..),187
2016/3/27,2016034,03  15  21  22  23  28  15,380415644,1  (¶õ),107
2016/3/24,2016033,06  17  18  20  27  29  15,338637474,2  (ÔÁ ¸Ê),119
2016/3/22,2016032,08  12  14  15  21  27  15,339342300,5  (¼½ Õã Ãö Ïæ..),154
2016/3/20,2016031,03  08  10  19  26  33  03,385818800,13  (¾© ¼ª ºÚ Õã..),191
2016/3/17,2016030,10  14  19  22  25  29  12,351985986,98  (¾© ½ò ¼½ ½ú..),552
2016/3/15,2016029,12  15  18  20  21  27  15,347727124,5  (»¦ Íî ¸Ó),99
2016/3/13,2016028,06  08  12  21  25  29  01,370238316,7  (ÁÉ ¼ª Õã ÉîÛÚ),282
2016/3/10,2016027,11  13  15  17  19  31  05,337818690,4  (»¦ Õã Ô¥ ÉÂ),213
2016/3/8,2016026,04  09  12  28  30  33  01,329158276,0,77
2016/3/6,2016025,04  11  12  17  24  30  12,379126514,19  (ÁÉ ¼ª ËÕ Õã..),420
2016/3/3,2016024,02  05  07  14  18  31  13,344808140,9  (»¦ ËÕ Õã Íî..),157
2016/3/1,2016023,03  06  10  19  25  29  07,337590682,14  (½ò ¼½ ºÚ ËÕ..),235
2016/2/28,2016022,04  09  19  22  23  30  07,370206784,8  (¼ª ËÕ Íî ¶õ..),163
2016/2/25,2016021,09  11  13  22  24  26  05,330776764,5  (ºÚ »¦ ËÕ ¹ó..),172
2016/2/18,2016018,12  13  14  17  21  25  04,316712952,5  (Õã Íî Â³ ´¨..),81
2016/2/16,2016017,05  06  08  20  22  30  05,293890064,12  (ÃÉ ËÕ Õã ¸Ó..),189
2016/2/14,2016016,01  20  22  24  25  26  16,316931514,5  (¼ª ºÚ Íî µá),91
2016/2/4,2016015,01  02  14  22  25  26  07,346224370,5  (¼½ Õã ÔÁ µá),87
2016/2/2,2016014,02  08  10  18  20  27  07,321027466,45  (ËÕ Õã Íî Ô¥..),113
2016/1/31,2016013,07  12  21  22  26  31  01,370420948,3  (ËÕ Â³),100
2016/1/28,2016012,07  12  14  16  27  32  15,336562836,2  (¼ª ºÚ),87
2016/1/26,2016011,03  08  10  15  22  29  12,332990472,43  (ÁÉ Õã Ô¥ ¶õ..),232
2016/1/24,2016010,02  04  12  14  19  25  06,359088730,14  (ÁÉ Â³ ´¨),121
2016/1/21,2016009,10  14  24  25  27  32  04,341116278,3  (»¦ ¶õ ¹ó),71
2016/1/19,2016008,02  15  24  29  32  33  02,355411856,5  (½ú Õã Â³ ¶õ..),73
2016/1/17,2016007,05  12  14  20  27  29  06,398316866,11  (¼½ ½ú ÃÉ ËÕ..),155
2016/1/14,2016006,13  16  18  20  28  31  12,357519610,2  (¶õ ÐÂ),93
2016/1/12,2016005,11  14  18  20  31  33  14,347622842,56  (ËÕ Ãö Â³ ÔÁ..),55
2016/1/10,2016004,08  10  17  22  25  33  12,376467244,9  (Õã Íî Ô¥ Ïæ..),299
2016/1/7,2016003,01  10  14  23  26  28  01,351825302,12  (ÁÉ ËÕ Õã Íî..),170
2016/1/5,2016002,09  14  17  20  24  30  16,343096096,5  (ËÕ Ãö Â³ Ô¥..),231
2016/1/3,2016001,06  13  16  18  20  22  13,388445976,5  (ÁÉ Õã ¸Ó Ïæ..),154
2015/12/27,2015152,11  18  19  21  29  32  12,392322240,14  (¼½ ÃÉ ÁÉ »¦..),102
2015/12/24,2015151,05  06  08  23  31  32  11,350309390,5  (¾© Ô¥ ÔÁ ÉîÛÚ..),74
2015/12/22,2015150,01  03  08  11  29  31  13,333813118,1  (Õã),225
2015/12/20,2015149,09  10  20  21  22  33  09,368458204,40  (¼½ ÁÉ ¼ª ºÚ..),340
2015/12/17,2015148,09  13  14  22  26  27  07,330278892,18  (»¦ ËÕ Õã Íî..),298
2015/12/15,2015147,08  09  16  23  24  30  05,331495570,29  (ÁÉ ËÕ Ãö Â³..),181
2015/12/13,2015146,16  17  21  28  30  32  15,368273034,3  (»¦ ÔÁ),73
2015/12/10,2015145,07  08  15  19  20  24  13,327973844,14  (ÃÉ Õã ¹ð µá..),143
2015/12/8,2015144,01  04  07  15  28  32  16,330530758,6  (½ò ºÚ Õã Â³..),110
2015/12/6,2015143,13  15  19  20  21  32  04,363104978,6  (½ò »¦ ËÕ Õã..),75
2015/12/3,2015142,13  17  19  20  22  25  11,326956020,2  (¼ª Çí),66
2015/12/1,2015141,03  08  19  25  27  28  02,329544366,8  (½ò ºÚ ËÕ Õã..),173
2015/11/29,2015140,06  20  28  29  30  31  12,363959858,5  (Â³ ¶õ Ïæ ÉîÛÚ..),131
2015/11/26,2015139,01  10  13  18  25  27  09,323569236,5  (ËÕ Õã ¶õ Ïæ),91
2015/11/24,2015138,01  02  08  16  19  24  11,317036346,11  (»¦ ËÕ Ãö ¶õ..),108
2015/11/22,2015137,14  22  23  27  28  31  12,357991902,2  (ËÕ Â³),74
2015/11/19,2015136,02  05  12  23  28  29  01,332169672,3  (Õã ¶õ ÐÂ),183
2015/11/17,2015135,01  12  14  18  26  32  07,323653256,6  (¼ª Â³ Ô¥ ¹ð),85
2015/11/10,2015132,03  05  11  28  30  33  01,324697916,7  (¼½ ÃÉ ºÚ Íî..),72
2015/11/8,2015131,10  12  13  19  22  26  03,352871146,7  (Õã Ïæ Óå),100
2015/11/5,2015130,06  14  15  16  17  22  10,329910968,5  (ÁÉ Íî ¶õ ´¨..),179
2015/11/3,2015129,05  08  11  16  18  27  04,330274852,2  (¼½ µá),122
2015/11/1,2015128,01  03  08  11  22  28  06,353929358,17  (½ú ÃÉ ÁÉ ¼ª..),188
2015/10/29,2015127,07  10  19  22  27  33  06,323385694,18  (¼½ Õã Íî Ãö..),99
2015/10/27,2015126,10  11  15  20  23  29  12,321292184,11  (¾© ¼½ ¼ª ËÕ..),290
2015/10/25,2015125,05  13  22  27  30  33  10,342693238,7  (ËÕ Íî ¸Ó µá..),69
2015/10/22,2015124,02  03  05  12  18  27  01,314656346,11  (¾© Õã ÔÁ Çí..),117
2015/10/20,2015123,05  08  09  12  22  28  07,312976520,8  (ËÕ Õã Ãö ÔÁ..),263
2015/10/18,2015122,05  07  11  16  22  25  07,340964698,14  (¼½ ÃÉ ÁÉ »¦..),178
2015/10/15,2015121,01  03  20  21  28  29  12,311696404,4  (¼ª ´¨ µá),69
2015/10/13,2015120,16  21  24  26  27  29  16,306978816,1  (Õã),136
2015/10/11,2015119,02  08  10  18  23  31  08,336177996,6  (ÃÉ Õã ¸Ó Â³..),112
2015/10/8,2015118,01  04  11  21  23  31  12,302094780,11  (¾© ÃÉ ºÚ Ô¥..),52
2015/10/6,2015117,04  11  12  18  26  32  12,276307776,3  (½ò ºÚ Ïæ),85
2015/10/4,2015116,04  06  15  23  26  28  11,298345670,7  (¾© ¼ª ËÕ Õã..),153
2015/10/1,2015115,01  07  08  14  24  32  03,275624372,10  (¼½ ÁÉ Ô¥ ´¨..),114
2015/9/24,2015112,01  03  10  19  20  27  11,306859802,4  (ÃÉ ºÚ ÔÁ),126
2015/9/22,2015111,08  14  16  18  20  30  12,307364620,7  (¼½ ÃÉ ÁÉ Ïæ..),142
2015/9/20,2015110,05  07  16  17  22  23  04,340689020,11  (»¦ ËÕ Õã Ãö..),189
2015/9/17,2015109,01  08  09  16  32  33  13,317531670,7  (ÁÉ Â³ ÉîÛÚ ¹ó..),132
2015/9/15,2015108,02  12  19  22  24  27  15,309769258,9  (ËÕ Õã Íî ÔÁ..),136
2015/9/13,2015107,07  14  16  18  21  25  08,337547646,7  (ºÚ Õã ¸Ó ¶õ..),96
2015/9/10,2015106,01  03  04  23  31  32  13,305793682,6  (ÁÉ Õã ¸Ó ÔÁ..),84
2015/9/8,2015105,09  10  16  19  20  26  12,304229202,12  (ÁÉ ¼ª ËÕ Â³..),180
2015/9/6,2015104,09  18  21  23  25  26  01,332604432,0,87
2015/9/3,2015103,06  08  13  26  30  32  14,284270680,3  (½ò Õã Â³),138
2015/9/1,2015102,07  09  12  14  21  23  06,300065068,5  (ÃÉ ËÕ Õã ÔÁ..),107
2015/8/30,2015101,08  16  22  24  28  29  05,333057658,8  (Õã Â³ Ô¥ ÔÁ..),133
2015/8/27,2015100,02  03  11  17  19  21  08,302573068,2  (¾© Ãö),107
2015/8/25,2015099,06  07  10  11  14  22  09,297598058,5  (¾© ÃÉ ÁÉ Õã..),91
2015/8/23,2015098,06  09  13  26  27  33  01,329104206,3  (¼½ ¹ó ÉÂ),145
2015/8/20,2015097,09  12  14  20  26  27  04,298570222,11  (¼½ ÁÉ ¼ª Õã..),827
2015/8/18,2015096,06  16  17  23  24  31  07,294260644,10  (»¦ Õã Íî Â³..),100
2015/8/16,2015095,04  15  21  28  30  31  04,325059832,5  (Õã µá ÉÂ Çà),76
2015/8/9,2015092,09  15  19  21  26  27  01,318089362,5  (»¦ Õã ¹ð Óå),359
2015/8/6,2015091,05  07  17  19  22  31  11,285818388,4  (Ãö ÔÁ ¹ð),105
2015/8/4,2015090,10  12  14  22  25  33  15,282983042,2  (Â³ ÐÂ),50
2015/8/2,2015089,12  14  19  27  28  29  01,311873350,3  (¶õ ÉîÛÚ ÉÂ),94
2015/7/30,2015088,02  12  20  24  29  31  09,287667610,13  (½ú Â³ Ô¥ ÔÁ),41
2015/7/28,2015087,09  15  16  19  20  28  11,280174514,1  (¹ó),136
2015/7/26,2015086,05  06  08  16  18  22  12,308129834,6  (½ú ºÚ Ïæ ÔÁ..),115
2015/7/23,2015085,02  08  25  27  28  29  05,285325214,3  (¶õ ¹ð ¸Ê),100
2015/7/21,2015084,15  18  20  22  28  29  15,281884996,2  (Íî ¶õ),69
2015/7/19,2015083,06  07  16  18  29  32  05,315704384,17  (½ò ÃÉ »¦ ËÕ..),235
2015/7/16,2015082,02  08  09  14  28  30  07,288017344,6  (Õã Â³ ¶õ ´¨),97
2015/7/14,2015081,13  20  22  26  28  31  13,278500218,6  (¾© ¼½ Ïæ ´¨),62
2015/7/12,2015080,14  17  25  27  28  30  02,314150596,6  (»¦ ËÕ Õã Ïæ..),122
2015/7/9,2015079,09  14  15  20  26  32  11,291775556,18  (Õã Ãö ¸Ó Â³..),157
2015/7/7,2015078,03  07  20  22  26  29  02,291936416,3  (Â³ ¸Ê),139
2015/7/5,2015077,01  06  08  10  13  27  16,324775100,3  (ÔÁ ¹ó),63
2015/7/2,2015076,01  09  10  19  23  27  09,294088268,17  (¾© ¼½ ÁÉ ËÕ..),167
2015/6/30,2015075,06  11  13  19  21  32  04,292719690,2  (ËÕ Óå),88
2015/6/23,2015072,01  03  05  20  21  31  05,293363242,5  (ËÕ Ãö Ïæ),82
2015/6/21,2015071,08  18  20  28  29  31  08,308073950,14  (¾© ¼ª ËÕ Õã..),121
2015/6/18,2015070,01  07  13  19  21  29  15,294607168,5  (¾© ¼½ »¦ Â³..),105
2015/6/16,2015069,01  13  17  18  23  30  15,292089158,8  (ºÚ ËÕ ¶õ ÔÁ..),108
2015/6/14,2015068,06  15  18  21  26  27  10,326767662,8  (ÁÉ Õã Íî Â³..),188
2015/6/11,2015067,02  05  08  24  25  31  14,296388770,13  (Ãö Óå ´¨),163
2015/6/9,2015066,05  08  11  17  24  28  16,295073100,5  (¾© Õã ÐÂ),255
2015/6/7,2015065,08  10  14  19  26  29  12,326011866,7  (Ãö ¸Ó ÔÁ),127
2015/6/4,2015064,11  12  14  17  23  27  01,298850352,7  (ÁÉ ºÚ ¸Ó Â³..),163
2015/6/2,2015063,01  07  09  16  22  32  12,291740962,7  (¼½ Õã ¶õ Ïæ..),183
2015/5/31,2015062,09  14  15  18  21  26  16,323470788,2  (¾© ºÚ),88
2015/5/28,2015061,06  18  22  26  32  33  04,300873544,3  (¼½ »¦ ËÕ),82
2015/5/26,2015060,01  03  18  27  31  32  13,294398362,5  (½ú ÁÉ Õã ¶õ),76
2015/5/24,2015059,02  06  09  16  25  32  14,327035284,3  (Â³ ¶õ Äþ),64
2015/5/21,2015058,02  09  10  18  19  20  15,302422308,9  (ÁÉ »¦ ËÕ ¸Ó..),229
2015/5/19,2015057,09  20  24  25  26  32  04,298048220,4  (Ô¥ µá Äþ ÐÂ),69
2015/5/17,2015056,01  07  08  16  18  20  14,333455694,7  (Íî Ïæ ¹ð),120
2015/5/14,2015055,01  10  15  18  19  28  02,308523870,6  (¾© ºÚ Çí ¸Ê),102
2015/5/7,2015052,02  04  11  16  25  26  12,312855530,17  (¾© ¼½ ÁÉ »¦..),85
2015/5/5,2015051,04  10  24  26  28  32  09,311895918,3  (Â³ ÉÂ),107
2015/5/3,2015050,03  09  12  16  17  31  04,330490908,4  (ºÚ Õã ÔÁ µá),82
2015/4/30,2015049,07  12  14  17  20  23  05,304091626,9  (¼½ Íî Â³ ÔÁ),83
2015/4/28,2015048,13  16  17  22  25  27  10,314318648,13  (Õã Ïæ ÔÁ),61
2015/4/26,2015047,02  03  20  24  26  27  09,353219880,12  (¾© ËÕ Õã Ãö..),68
2015/4/23,2015046,05  07  10  14  23  31  01,324849386,2  (¼ª Ãö),81
2015/4/21,2015045,01  05  13  22  30  31  07,317791860,5  (ËÕ Íî Â³ ´¨..),110
2015/4/19,2015044,02  03  04  13  14  16  02,361973072,44  (¾© ½ò ÃÉ ºÚ..),170
2015/4/16,2015043,11  12  15  24  26  27  15,333265010,11  (ËÕ ¹ð),66
2015/4/14,2015042,09  10  19  21  23  32  08,328582874,18  (¾© ¼½ ÃÉ ÁÉ..),138
2015/4/12,2015041,04  09  11  17  21  25  06,355451862,17  (¾© ½ò ¼½ »¦..),226
2015/4/9,2015040,13  16  18  27  30  32  16,320385120,4  (»¦ Â³ ¶õ ÉîÛÚ),54
2015/4/7,2015039,01  13  15  26  29  30  12,304495842,7  (ÃÉ ¼ª Õã Íî..),85
2015/4/5,2015038,05  06  11  12  14  33  14,330881502,1  (Çí),81
2015/4/2,2015037,05  07  12  18  28  31  03,311121894,0,232
2015/3/31,2015036,04  06  16  17  26  33  03,314978372,5  (»¦ ËÕ ¶õ ´¨..),122
2015/3/29,2015035,01  08  09  22  24  33  03,354232116,13  (½ú ÁÉ ËÕ Õã..),226
2015/3/22,2015032,11  14  16  18  29  32  16,356881788,6  (ÃÉ ËÕ Ô¥ Ïæ..),98
2015/3/19,2015031,01  05  07  22  26  32  11,322648288,10  (ÃÉ Õã Íî Ô¥..),113
2015/3/17,2015030,08  11  14  15  16  26  07,313853770,6  (Õã Íî ¸Ó ÉÂ),104
2015/3/15,2015029,07  14  15  19  21  28  07,350574266,7  (Õã Ô¥ Ïæ ÉîÛÚ..),109
2015/3/12,2015028,04  07  10  26  27  28  14,318360502,8  (ÁÉ Íî ¶õ ÔÁ..),292
2015/3/10,2015027,05  07  09  16  26  29  07,313056664,26  (ÁÉ ¼ª ºÚ ËÕ..),147
2015/3/8,2015026,02  13  17  21  22  33  13,346132854,16  (¾© ¼½ ½ú ÔÁ..),131
2015/3/5,2015025,10  11  12  15  27  32  14,301966294,0,89
2015/3/3,2015024,09  11  16  18  23  24  10,297320432,6  (¼½ ½ú »¦ Õã..),83
2015/3/1,2015023,08  09  10  13  29  30  01,371421794,9  (ÁÉ ¼ª Â³ Óå..),297
2015/2/26,2015022,04  07  10  16  23  25  10,428626486,7  (½ò »¦ Õã),242
2015/2/17,2015021,14  15  16  17  27  28  08,369500210,16  (¾© ¼½ ÁÉ Õã..),147
2015/2/15,2015020,01  04  07  19  22  23  04,404738304,7  (ÁÉ »¦ ¸Ó Â³..),175
2015/2/12,2015019,02  06  11  19  25  26  04,363865754,12  (¾© ÃÉ ÁÉ ¹ð..),213
2015/2/10,2015018,06  09  12  14  28  29  09,356589678,10  (¾© ½ò ¼½ »¦..),207
2015/2/8,2015017,13  18  20  25  27  33  12,405548808,7  (¾© Ãö ÔÁ),73
2015/2/5,2015016,02  06  10  15  17  31  13,370190678,10  (ÃÉ ËÕ Õã Ãö..),96
2015/2/3,2015015,01  07  20  24  25  33  04,369504840,6  (ºÚ »¦ Õã Â³..),94
2015/1/27,2015012,03  05  22  23  29  31  06,370574586,21  (½ò ½ú ÁÉ »¦..),91
2015/1/25,2015011,04  14  15  17  18  20  15,448888738,5  (ËÕ Ãö Ô¥ ÔÁ..),100
2015/1/22,2015010,01  02  03  08  21  31  09,408876968,7  (¾© ÁÉ ¼ª Óå..),78
2015/1/20,2015009,04  07  14  17  21  25  14,406130598,13  (¾© ½ò Õã Íî..),171
2015/1/18,2015008,04  07  10  16  20  22  03,441162104,6  (½ò ¼½ ½ú ËÕ..),146
2015/1/15,2015007,01  07  09  17  20  33  08,396557494,8  (½ò Ïæ ÔÁ ÉîÛÚ..),96
2015/1/13,2015006,01  10  11  29  31  33  13,381704996,7  (»¦ Ô¥ ÔÁ ÉÂ..),156
2015/1/11,2015005,07  10  16  17  18  32  15,434233966,7  (¾© ½ò ÃÉ ¶õ..),142
2015/1/8,2015004,02  14  15  16  23  24  10,391871604,5  (ÁÉ Íî ÔÁ ¹ð),84
2015/1/6,2015003,10  15  20  23  24  31  15,389418150,5  (ÃÉ »¦ Õã ¸Ó..),98
2015/1/4,2015002,07  15  16  25  28  32  05,445131362,13  (½ò ¼½ ½ú Õã..),152
2015/1/1,2015001,01  07  09  16  20  23  06,389811558,8  (¾© ºÚ »¦ Ïæ..),125
2014/12/30,2014152,08  13  15  20  21  25  12,403970126,12  (¼½ ÁÉ ¼ª »¦..),99
2014/12/28,2014151,04  05  08  11  21  27  08,436728282,13  (½ò ¼½ ¼ª ËÕ..),195
2014/12/25,2014150,03  08  14  22  24  32  09,393965122,9  (½ú ÃÉ ÁÉ »¦..),161
2014/12/23,2014149,07  09  10  15  19  33  01,386664128,2  (»¦),154
2014/12/21,2014148,01  02  05  12  15  16  13,425097618,9  (¼½ ¼ª »¦ ¸Ó..),133
2014/12/18,2014147,06  07  22  26  31  32  10,385071740,4  (ÃÉ ¶õ ÔÁ ¹ð),93
2014/12/11,2014144,03  05  06  09  10  27  14,379438954,6  (¼½ Õã Â³ Ïæ..),191
2014/12/9,2014143,03  12  18  20  25  26  16,375707362,14  (¾© ½ú ¼ª Çí..),197
2014/12/7,2014142,06  21  22  23  25  28  13,419262206,5  (ºÚ Íî Ïæ ÉîÛÚ..),100
2014/12/4,2014141,08  09  11  16  21  24  10,374573402,22  (¾© ºÚ ËÕ Õã..),168
2014/12/2,2014140,06  10  11  14  17  33  06,369928040,5  (ÃÉ ºÚ ËÕ Õã..),102
2014/11/30,2014139,01  14  15  20  25  29  11,416872552,10  (»¦ Õã ÔÁ Óå..),102
2014/11/27,2014138,04  06  13  29  31  33  13,379450576,5  (¼½ ºÚ Ô¥ ÔÁ..),126
2014/11/25,2014137,03  06  09  11  25  29  09,377779080,27  (¾© ½ò ½ú ÁÉ..),223
2014/11/23,2014136,03  16  19  27  31  32  10,419949224,1  (ºÚ),112
2014/11/20,2014135,02  04  11  13  25  33  01,380304722,4  (¾© ËÕ ÔÁ Óå),210
2014/11/18,2014134,05  16  22  23  26  28  02,374813426,7  (½ú ËÕ Â³ ¶õ..),124
2014/11/16,2014133,13  14  16  23  30  31  13,417287906,4  (¾© Õã ¸Ó ÉÂ),125
2014/11/13,2014132,05  06  14  15  18  33  08,372487192,5  (ÁÉ Ô¥ µá),81
2014/11/11,2014131,05  17  21  22  28  32  14,396591384,7  (¾© ÃÉ ºÚ ËÕ..),211
2014/11/9,2014130,01  02  10  24  30  33  10,402591108,3  (Ãö ÔÁ ´¨),77
2014/11/6,2014129,05  08  09  20  28  32  02,359082268,7  (¼½ ÁÉ Õã Ãö..),207
2014/11/4,2014128,05  07  08  17  18  24  14,358520804,10  (ÁÉ ¼ª Ãö Ô¥..),180
2014/11/2,2014127,02  10  12  21  23  27  12,405427926,15  (½ò ¼½ ¼ª ºÚ..),189
2014/10/26,2014124,02  17  20  24  31  33  04,414603564,3  (Õã ÔÁ ¹ð),72
2014/10/23,2014123,01  06  11  17  28  33  05,374248054,31  (¼½ ËÕ Õã ¸Ó..),447
2014/10/21,2014122,06  09  11  16  20  29  11,372450634,16  (ÃÉ »¦ ËÕ Õã..),156
2014/10/19,2014121,01  02  13  22  28  30  09,414246034,15  (¼½ ÃÉ ¼ª ºÚ..),265
2014/10/16,2014120,01  07  12  16  23  28  04,380941988,23  (¾© ÃÉ »¦ ËÕ..),375
2014/10/14,2014119,06  13  17  20  26  29  09,374297910,16  (ÃÉ »¦ ËÕ Íî..),138
2014/10/12,2014118,05  07  15  18  26  30  03,412610364,15  (¾© ½ò ¼½ ÃÉ..),328
2014/10/9,2014117,05  10  17  25  28  29  04,376251864,9  (¼½ ÃÉ Õã ¸Ó..),316
2014/10/7,2014116,09  10  14  15  19  29  16,355472106,8  (Õã Ãö Óå µá),178
2014/10/5,2014115,01  09  10  11  13  32  03,393986920,107  (¾© ½ú ºÚ »¦..),176
2014/10/2,2014114,02  07  23  30  32  33  10,336622164,4  (ÃÉ ¼ª ¸Ó ¹ó),64
2014/9/30,2014113,12  14  28  31  32  33  07,376332046,2  (ÁÉ »¦),61
2014/9/28,2014112,01  15  16  21  24  30  03,438774340,16  (¾© ½ò ¼½ ÁÉ..),150
2014/9/25,2014111,02  08  17  20  22  28  02,391471380,5  (¼ª »¦ Õã ÉîÛÚ),86
2014/9/23,2014110,01  08  11  13  19  30  06,384948858,4  (Â³ ÔÁ Óå ÉÂ),143
2014/9/21,2014109,02  05  11  15  19  28  02,437600916,16  (»¦ ËÕ Ãö ¸Ó..),304
2014/9/18,2014108,03  08  09  20  23  28  02,393047674,14  (¾© ½ò ¼½ ºÚ..),357
2014/9/16,2014107,11  14  17  22  25  27  16,387176276,5  (ºÚ Õã Ô¥ µá),117
2014/9/9,2014104,02  06  12  19  27  28  13,358170510,5  (¾© Õã ¶õ ¹ð..),372
2014/9/7,2014103,03  08  09  10  18  33  04,396768732,8  (½ú ÃÉ Íî ¶õ..),179
2014/9/4,2014102,14  16  21  24  28  31  13,368749750,3  (ºÚ »¦ ¸Ó),80
2014/9/2,2014101,16  18  20  23  24  32  07,359712392,2  (¾© Íî),61
2014/8/31,2014100,01  06  09  10  14  16  11,401949134,3  (ËÕ Ïæ),90
2014/8/28,2014099,01  05  10  11  13  32  14,358086522,4  (¾© »¦ Ô¥),47
2014/8/26,2014098,02  13  17  20  29  31  07,353151800,5  (¸Ó ÔÁ Óå ¹ó),77
2014/8/24,2014097,07  13  24  25  27  32  15,390727104,3  (»¦ ÉîÛÚ ¹ð),148
2014/8/21,2014096,12  14  17  19  22  24  08,357432576,4  (¾© Ïæ ´¨ µá),86
2014/8/19,2014095,05  06  08  14  22  31  08,348187212,5  (¾© ÁÉ ÔÁ Óå),134
2014/8/17,2014094,01  10  18  20  23  29  01,394513356,2  (½ò Óå),79
2014/8/14,2014093,02  08  09  10  20  29  05,361310882,23  (¾© ½ò ÃÉ ºÚ..),205
2014/8/12,2014092,03  13  18  19  22  26  07,355694942,8  (ÁÉ »¦ Íî Ãö..),185
2014/8/10,2014091,01  05  12  19  27  29  14,395683536,7  (½ú ºÚ Õã Â³..),148
2014/8/7,2014090,05  09  11  19  24  32  13,361007810,17  (¾© ½ò ÃÉ ÁÉ..),201
2014/8/5,2014089,04  06  14  17  27  30  09,349996988,15  (¾© »¦ Õã Ãö..),145
2014/8/3,2014088,03  06  11  14  16  29  15,378895304,4  (½ú Â³ ÔÁ),100
2014/7/31,2014087,06  18  22  23  32  33  06,346294212,6  (¾© ½ú ºÚ ¸Ó..),89
2014/7/24,2014084,01  06  09  10  13  25  08,348439746,6  (¼½ »¦ Â³ ÉîÛÚ..),107
2014/7/22,2014083,05  06  19  21  23  33  12,342671260,6  (ÁÉ ºÚ ¸Ó Ô¥..),111
2014/7/20,2014082,02  04  20  25  26  29  11,376072870,6  (¼½ Ãö),90
2014/7/17,2014081,08  14  22  24  27  29  10,345588442,6  (¾© ÁÉ »¦ ÔÁ),88
2014/7/15,2014080,05  14  16  17  25  30  07,339602048,1  (½ú),254
2014/7/13,2014079,02  07  16  22  27  28  02,371546996,7  (¾© ÃÉ ÁÉ ËÕ..),168
2014/7/10,2014078,02  03  05  06  09  17  07,340877252,9  (¾© ¼½ ÃÉ ËÕ..),112
2014/7/8,2014077,08  09  12  15  19  22  10,335080206,8  (ÁÉ »¦ Õã ¸Ó..),140
2014/7/6,2014076,06  10  12  17  18  33  11,375634222,3  (¶õ Ïæ ¹ó),76
2014/7/3,2014075,03  09  11  22  27  29  06,341705034,24  (¾© ¼½ ËÕ ¸Ó..),169
2014/7/1,2014074,01  03  06  13  30  31  12,333005878,1  (¹ð),88
2014/6/29,2014073,01  12  16  20  30  33  02,368813894,5  (½ò ÃÉ ÔÁ Óå),79
2014/6/26,2014072,01  03  07  13  19  32  16,324184472,3  (ËÕ ¸Ó ¶õ),106
2014/6/24,2014071,02  04  12  17  22  25  14,332837230,34  (¾© ½ò ¼½ ½ú..),432
2014/6/22,2014070,01  07  09  19  28  29  07,381932126,25  (½ò ¼ª Íî ¸Ó..),199
2014/6/19,2014069,05  12  17  19  25  30  11,344427596,10  (½ú ºÚ ËÕ Õã..),218
2014/6/17,2014068,04  12  13  22  27  29  16,333498724,3  (¼½ µá),122
2014/6/15,2014067,01  06  07  17  18  23  06,369752334,16  (ÁÉ ºÚ ¸Ó ¶õ..),203
2014/6/8,2014064,02  09  15  16  29  32  14,362553032,14  (ÁÉ ËÕ ¸Ó Â³..),287
2014/6/5,2014063,03  08  17  21  22  31  16,318559312,8  (ºÚ »¦ ËÕ Õã..),224
2014/6/3,2014062,06  09  15  24  25  26  09,324555900,58  (¾© ¼½ ½ú ÃÉ..),396
2014/6/1,2014061,02  14  17  27  28  31  08,348086982,16  (ºÚ »¦ ¶õ ÔÁ..),210
2014/5/29,2014060,03  05  14  18  25  33  06,332537430,1  (µá),156
2014/5/27,2014059,05  08  12  13  23  25  13,332914310,14  (¾© ÃÉ Õã ¸Ó..),192
2014/5/25,2014058,02  03  12  13  14  25  11,395239936,38  (¾© ¼½ ÃÉ ¼ª..),213
2014/5/22,2014057,02  04  12  18  23  31  08,357051002,6  (¼ª ËÕ ¸Ó Ô¥..),92
2014/5/20,2014056,01  11  18  20  28  29  01,355820816,6  (¾© ËÕ Â³ ¶õ..),117
2014/5/18,2014055,02  09  14  19  21  30  04,399255230,8  (½ú ÃÉ ËÕ Õã..),141
2014/5/15,2014054,01  04  05  11  29  30  14,362404232,14  (½ú ¼ª »¦ ËÕ..),331
2014/5/13,2014053,14  17  19  22  26  31  02,357050160,1  (ÔÁ),80
2014/5/11,2014052,09  13  15  28  30  33  08,388520458,14  (¾© ÃÉ ¼ª Ãö..),152
2014/5/8,2014051,10  16  19  21  23  24  13,355097144,7  (¸Ó Â³ ´¨),69
2014/5/6,2014050,03  17  23  25  26  32  13,356974970,6  (Õã Ãö ÉîÛÚ ¹ð..),117
2014/5/4,2014049,06  07  16  17  23  32  06,395100460,15  (¾© ½ò ÁÉ Õã..),176
2014/5/1,2014048,06  09  16  17  24  25  16,328158768,10  (¼½ ½ú ÁÉ Íî..),209
2014/4/29,2014047,08  10  11  12  19  29  15,367083108,6  (¼½ »¦ ËÕ Â³..),231
2014/4/22,2014044,04  09  21  27  28  33  12,373074342,4  (Ïæ ÉîÛÚ),136
2014/4/20,2014043,02  05  09  14  24  33  09,415843112,16  (½ò ¼½ ÁÉ ¼ª..),118
2014/4/17,2014042,12  15  20  25  28  33  14,373018334,0,90
2014/4/15,2014041,07  11  16  18  21  22  02,365242842,2  (¼ª ÉÂ),93
2014/4/13,2014040,03  04  06  11  12  15  08,406009192,9  (¾© ½ò ÃÉ ËÕ..),119
2014/4/10,2014039,03  11  15  19  20  31  07,363687932,5  (¼ª ËÕ ¹ð µá),274
2014/4/8,2014038,04  07  22  23  24  33  16,356364376,9  (ÃÉ Õã Ãö Ïæ),111
2014/4/6,2014037,06  13  14  24  25  30  07,385617546,18  (¼½ »¦ ËÕ Õã..),261
2014/4/3,2014036,01  07  08  09  11  22  03,378585748,30  (¾© ½ò ÁÉ ¼ª..),351
2014/4/1,2014035,07  08  09  17  32  33  06,385901784,10  (¾© ¼½ ¼ª Õã..),199
2014/3/30,2014034,01  03  04  08  25  31  06,432189956,20  (¼½ ÃÉ ¼ª »¦..),102
2014/3/27,2014033,05  13  23  28  32  33  12,403193612,17  (¾© ¼½ ÃÉ ËÕ..),303
2014/3/25,2014032,01  02  14  22  29  33  07,397424848,3  (Ïæ ÔÁ ¸Ê),94
2014/3/23,2014031,04  10  16  17  21  27  14,443595958,16  (¾© ¼½ ½ú ÃÉ..),368
2014/3/20,2014030,12  18  19  23  24  30  10,396594924,8  (¼½ ¼ª Õã ¶õ..),208
2014/3/18,2014029,02  07  14  16  21  29  14,396072528,8  (ÃÉ ºÚ »¦ ËÕ..),137
2014/3/16,2014028,06  16  21  27  30  32  05,435709368,8  (¾© ½ò ÃÉ ÁÉ..),72
2014/3/13,2014027,08  10  14  16  30  31  01,384105632,2  (Íî ÔÁ),75
2014/3/6,2014024,08  10  16  20  23  30  09,380942014,24  (¾© ¼½ ËÕ Õã..),288
2014/3/4,2014023,07  09  13  17  21  22  10,379325720,13  (¼½ ½ú ÃÉ ÁÉ..),178
2014/3/2,2014022,04  06  07  10  21  26  16,422477050,8  (¾© ÁÉ ËÕ Õã..),110
2014/2/27,2014021,08  10  15  17  22  29  12,376012996,9  (¼½ ÁÉ ºÚ ËÕ..),119
2014/2/25,2014020,09  14  17  23  24  25  15,369800298,4  (ÁÉ »¦ ¸Ó),118
2014/2/23,2014019,02  10  15  19  20  21  07,409381396,5  (ÃÉ ÁÉ ËÕ ¶õ..),95
2014/2/20,2014018,13  17  18  21  30  33  15,366787508,5  (Â³ Ô¥ ÉîÛÚ ÉÂ),51
2014/2/18,2014017,04  06  07  14  25  26  10,354286552,24  (¾© ¼½ ½ú ÁÉ..),218
2014/2/16,2014016,02  03  07  13  21  24  08,394728698,3  (ÁÉ ¸Ó Ïæ),106
2014/2/13,2014015,02  11  19  30  32  33  09,345827928,11  (½ò ËÕ Õã Ô¥..),101
2014/2/11,2014014,04  09  19  22  25  29  15,340281006,10  (¾© ºÚ Ãö Â³..),128
2014/2/9,2014013,05  09  13  15  17  21  13,447850102,12  (¾© ÃÉ »¦ ËÕ..),127
2014/1/28,2014012,01  08  11  19  21  24  08,364615256,6  (¾© ½ú »¦ Íî..),79
2014/1/26,2014011,09  10  13  14  21  32  02,400827700,7  (¾© ÁÉ »¦ ËÕ..),120
2014/1/23,2014010,05  07  08  20  31  33  11,359922428,2  (Â³ µá),207
2014/1/21,2014009,08  09  19  20  25  32  16,348408848,6  (½ò ÁÉ Õã Ãö..),229
2014/1/19,2014008,05  14  16  21  29  30  12,392135484,8  (ÃÉ ËÕ Íî Â³..),189
2014/1/16,2014007,08  10  12  14  18  28  14,346606050,13  (»¦ Õã Íî ¸Ó..),198
2014/1/9,2014004,01  04  19  22  24  25  15,373155800,5  (¾© Íî Â³ ÔÁ),113
2014/1/7,2014003,06  10  11  28  30  33  12,363993362,6  (ÃÉ ËÕ Ãö ´¨..),147
2014/1/5,2014002,04  21  23  31  32  33  04,408021124,6  (ÃÉ ºÚ ËÕ Íî..),105
2014/1/2,2014001,03  09  15  20  27  29  01,371341368,3  (½ú ºÚ ÐÂ),139
